model_id,org,family,variant,tier,registry_paradigm,is_quick_test,is_phase_transition,release_date,license,downloads,likes,num_params,num_layers,hidden_size,ffn_size,num_heads,num_kv_heads,head_dim,norm_type,activation,positional_scheme,max_context,sliding_window,vocab_size,num_params_source,ssm_state_size,ssm_conv_kernel,ssm_dt_rank,detected_numeric_keys,detected_numeric_count,has_mamba_key,has_ssm_key,pretrain_tokens,pretrain_tokens_source,tokenizer_type,quant_format_count,quant_formats,hf_api,has_config_json,has_model_card,has_safetensors_index,error_count,has_errors,num_ssm_layers,num_attention_layers,ssm_layer_ratio,attention_layer_ratio,release_month,release_year,has_ssm_signals,param_b,context_k,log10_params,log10_context,log10_downloads,gqa_ratio,kv_compression,is_gqa,is_mha,ffn_expansion,params_per_layer_m,params_per_head_m,depth_width_ratio,context_per_param,context_per_param_b,downloads_per_param_b,is_long_context_128k,is_extreme_context,has_sliding_window,sliding_window_ratio,pretrain_tokens_suspect,pretrain_tokens_clean,tokens_per_param,has_quant,has_gguf,has_bitsandbytes,has_int8,canonical_head_dim,canonical_norm,canonical_activation,canonical_position,convergence_score,metadata_completeness,inferred_paradigm,taxonomy_gap,explicit_label_disagreement,size_bucket,context_bucket,recency_months,name_ssm_hint,has_attention,hard_hybrid_evidence,layer_mix_evidence,numeric_ssm_evidence,hybridization_score,hidden_hybrid_candidate,ffn_balance,log_context_efficiency,architecture_quality_index,is_long_context_128k_f,has_quant_f,has_ssm_signals_f,adoption_residual
HuggingFaceTB/SmolLM3-3B,HuggingFaceTB,SmolLM3,3B,tier1,unassigned,False,False,2025-07-08,apache-2.0,82514.0,897.0,3075098624.0,36.0,2048.0,11008.0,16.0,4.0,128.0,rmsnorm,silu,rope,131072.0,,128256.0,safetensors_index.metadata.total_size,,,,,0,False,False,11200000000000.0,model_card_text,PreTrainedTokenizerFast,0,,True,True,True,True,0,False,,,,,2025-07-01,2025.0,False,3.075098624,128.0,9.4878590489479,5.11750992628768,4.9165329040054475,4.0,0.75,1.0,0.0,5.375,85.41940622222222,192.193664,0.017578125,4.262367358790766e-05,42623.673587907666,26832.960528813273,True,False,False,,False,11200000000000.0,3642.1596083417194,False,False,False,False,True,True,True,True,1.0,1.0,transformer,False,False,3-10B,32k-131k,5.5847568988173455,0.0,1.0,0.0,0.0,0.0,0.0,False,0.65625,4.62965087733978,0.5520454382430737,1.0,0.0,0.0,0.27525269475350367
LiquidAI/LFM2-1.2B-Exp,LiquidAI,LFM2,1.2B-Exp,tier1,liquid,True,False,,,,,,,,,,,,,,,,,,,,,,,0,False,False,,,,0,,False,False,False,False,1,True,,,,,,,False,,,,,,,,,,,,,,,,,False,False,False,,False,,,False,False,False,False,False,False,False,False,0.0,0.0,liquid,False,False,,,,1.0,0.0,0.0,0.0,0.0,0.2,False,,,-0.3580401809311764,0.0,0.0,0.0,
LiquidAI/LFM2-2.6B-Exp,LiquidAI,LFM2,2.6B-Exp,tier1,liquid,False,False,2025-12-25,other,21514.0,330.0,2569272320.0,30.0,2048.0,10752.0,32.0,8.0,64.0,,,rope,128000.0,,65536.0,hf_api.safetensors.total,,,,conv_dim|conv_dim_out|conv_l_cache,3,False,False,10000000000000.0,model_card_text,PreTrainedTokenizerFast,1,GGUF,True,True,True,True,0,False,,,,,2025-12-01,2025.0,False,2.56927232,125.0,9.409810138055938,5.107209969647869,4.3327413504185746,4.0,0.75,1.0,0.0,5.25,85.64241066666668,80.28976,0.0146484375,4.9819553576944306e-05,49819.55357694431,8373.577153549842,True,False,False,,False,10000000000000.0,3892.152623198774,True,True,False,False,True,False,False,True,0.5,1.0,liquid,False,False,1-3B,32k-131k,0.0,1.0,1.0,0.0,0.0,1.0,0.35,False,0.6875,4.69739983159193,0.31172829230350885,1.0,1.0,0.0,-0.5305060989077415
LiquidAI/LFM2-350M-Exp,LiquidAI,LFM2,350M-Exp,tier1,liquid,False,False,,,,,,,,,,,,,,,,,,,,,,,0,False,False,,,,0,,False,False,False,False,1,True,,,,,,,False,,,,,,,,,,,,,,,,,False,False,False,,False,,,False,False,False,False,False,False,False,False,0.0,0.0,liquid,False,False,,,,1.0,0.0,0.0,0.0,0.0,0.2,False,,,-0.3580401809311764,0.0,0.0,0.0,
Qwen/Qwen1.5-MoE-A2.7B,Qwen,Qwen1.5,MoE-A2.7B,tier1,moe,False,False,2024-02-29,other,61805.0,219.0,14315784192.0,24.0,2048.0,5632.0,16.0,16.0,128.0,rmsnorm,silu,rope,32768.0,32768.0,151936.0,hf_api.safetensors.total,,,,,0,False,False,,,Qwen2Tokenizer,0,,True,True,True,True,0,False,,,,,2024-02-01,2024.0,False,14.315784192,32.0,10.155815142852223,4.515449934959718,4.791030637554933,1.0,0.0,0.0,1.0,2.75,596.491008,894.736512,0.01171875,2.2889420209555503e-06,2288.94202095555,4317.262622227716,False,False,True,1.0,False,,,False,False,False,False,True,True,True,True,1.0,0.9230769230769231,transformer,False,True,10B+,8k-32k,21.846254927726676,0.0,1.0,0.0,0.0,0.0,0.0,False,0.6875,3.359634792107495,-0.7096451158123916,0.0,0.0,0.0,0.6895605166072167
Qwen/Qwen2.5-0.5B,Qwen,Qwen2.5,0.5B,tier1,unassigned,False,False,2024-09-15,apache-2.0,1085332.0,372.0,494032768.0,24.0,896.0,4864.0,14.0,2.0,64.0,rmsnorm,silu,rope,131072.0,32768.0,151936.0,hf_api.safetensors.total,,,,,0,False,False,128000.0,model_card_text,Qwen2Tokenizer,0,,True,True,True,False,0,False,,,,,2024-09-01,2024.0,False,0.494032768,128.0,8.693755755582796,5.11750992628768,6.0355630081146545,7.0,0.8571428571428572,1.0,0.0,5.428571428571429,20.584698666666668,35.28805485714286,0.026785714285714284,0.00026531033666171716,265310.33666171716,2196882.616498831,True,False,True,0.25,True,,,False,False,False,False,True,True,True,True,1.0,1.0,transformer,False,False,sub-1B,32k-131k,15.308804204993429,0.0,1.0,0.0,0.0,0.0,0.0,False,0.6428571428571428,5.423754170704884,0.934017722252908,1.0,0.0,0.0,2.0055270047004017
Qwen/Qwen2.5-1.5B,Qwen,Qwen2.5,1.5B,tier1,unassigned,False,False,2024-09-15,apache-2.0,444508.0,165.0,1543714304.0,28.0,1536.0,8960.0,12.0,2.0,128.0,rmsnorm,silu,rope,131072.0,131072.0,151936.0,hf_api.safetensors.total,,,,,0,False,False,128000.0,model_card_text,Qwen2Tokenizer,0,,True,True,True,False,0,False,,,,,2024-09-01,2024.0,False,1.543714304,128.0,9.188566928333255,5.11750992628768,5.6478805585813,6.0,0.8333333333333334,1.0,0.0,5.833333333333333,55.132653714285716,128.64285866666668,0.018229166666666668,8.49069025663443e-05,84906.90256634429,287947.0630337568,True,False,True,1.0,True,,,False,False,False,False,True,True,True,True,1.0,1.0,transformer,False,False,1-3B,32k-131k,15.308804204993429,0.0,1.0,0.0,0.0,0.0,0.0,False,0.5416666666666667,4.928942997954424,0.6120113976378245,1.0,0.0,0.0,1.4982598588913323
Qwen/Qwen3-0.6B,Qwen,Qwen3,0.6B,tier1,transformer,True,True,2025-04-27,apache-2.0,10187332.0,1081.0,751632384.0,28.0,1024.0,3072.0,16.0,8.0,128.0,rmsnorm,silu,rope,131072.0,,151936.0,hf_api.safetensors.total,,,,,0,False,False,38912.0,model_card_text,Qwen2Tokenizer,0,,True,True,True,False,0,False,,,,,2025-04-01,2025.0,False,0.751632384,128.0,8.87600548336239,5.11750992628768,7.008060502457438,2.0,0.5,1.0,0.0,3.0,26.844013714285712,46.977024,0.02734375,0.0001743831197140117,174383.1197140117,13553609.73909288,True,False,False,,True,,,False,False,False,False,True,True,True,True,1.0,1.0,transformer,False,False,sub-1B,32k-131k,7.9500657030223385,0.0,1.0,0.0,0.0,0.0,0.0,False,0.75,5.241504442925291,0.5920079254903114,1.0,0.0,0.0,2.616650041306066
Qwen/Qwen3-1.7B,Qwen,Qwen3,1.7B,tier1,transformer,False,False,2025-04-27,apache-2.0,4314635.0,422.0,2031739904.0,28.0,2048.0,6144.0,16.0,8.0,128.0,rmsnorm,silu,rope,131072.0,,151936.0,safetensors_index.metadata.total_size,,,,,0,False,False,38912.0,model_card_text,Qwen2Tokenizer,0,,True,True,True,True,0,False,,,,,2025-04-01,2025.0,False,2.031739904,128.0,9.307868110360154,5.11750992628768,6.634944162772088,2.0,0.5,1.0,0.0,3.0,72.56213942857143,126.983744,0.013671875,6.451219456877882e-05,64512.19456877882,2123615.8188878098,True,False,False,,True,,,False,False,False,False,True,True,True,True,1.0,1.0,transformer,False,False,1-3B,32k-131k,7.9500657030223385,0.0,1.0,0.0,0.0,0.0,0.0,False,0.75,4.8096418159275265,0.4421584290568158,1.0,0.0,0.0,2.1391622485767385
RWKV/RWKV7-Goose-World3-1.5B-HF,RWKV,RWKV7-Goose-World3,1.5B-HF,tier1,rwkv,True,False,2025-03-17,apache-2.0,212.0,4.0,1527404544.0,24.0,2048.0,8192.0,,,64.0,,sqrelu,,2048.0,,65536.0,hf_api.safetensors.total,,,,,0,False,False,3119000000000.0,model_card_text,RwkvTokenizer,0,,True,True,True,False,0,False,,,,,2025-03-01,2025.0,False,1.527404544,2.0,9.183954078286476,3.3113299523037933,2.3283796034387376,,,,,4.0,63.641856,,0.01171875,1.3408366552561468e-06,1340.8366552561467,138.79754439174957,False,False,False,,False,3119000000000.0,2042.0261365937117,False,False,False,False,True,False,False,False,0.25,0.8461538461538461,rwkv,False,False,1-3B,<=8k,9.296977660972404,1.0,0.0,0.0,0.0,0.0,0.2,False,1.0,3.1273758740173165,-0.003967123068519374,0.0,0.0,0.0,-2.0793725795138918
RWKV/v6-Finch-1B6-HF,RWKV,v6,Finch-1B6-HF,tier1,rwkv,False,False,2024-07-22,apache-2.0,54.0,6.0,,24.0,2048.0,,64.0,,32.0,,,,,,65536.0,,,,,,0,False,False,,,Rwkv6Tokenizer,0,,True,True,True,False,0,False,,,,,2024-07-01,2024.0,False,,,,,1.7403626894942439,,,,,,,,0.01171875,,,,False,False,False,,False,,,False,False,False,False,False,False,False,False,0.0,0.6153846153846154,rwkv,False,False,,,17.115637319316686,1.0,1.0,0.0,0.0,0.0,0.2,False,,,-0.3580401809311764,0.0,0.0,0.0,
Zyphra/Zamba2-1.2B,Zyphra,Zamba2,1.2B,tier1,hybrid,False,False,2024-08-16,apache-2.0,803.0,75.0,1215064704.0,38.0,2048.0,8192.0,32.0,32.0,128.0,rmsnorm,gelu,rope,4096.0,,32000.0,hf_api.safetensors.total,128.0,4.0,,mamba_d_conv|mamba_d_state|mamba_expand|mamba_headdim|mamba_ngroups|n_mamba_heads,6,True,False,3000000000000.0,model_card_text,LlamaTokenizer,0,,True,True,True,False,0,False,,,,,2024-08-01,2024.0,True,1.215064704,4.0,9.084599405376261,3.612359947967774,2.905256048748451,1.0,0.0,0.0,1.0,4.0,31.97538694736842,37.970772,0.0185546875,3.371013894581864e-06,3371.0138945818644,660.870155602841,False,False,False,,False,3000000000000.0,2469.0043173207014,False,False,False,False,True,True,False,True,0.75,1.0,hybrid,False,False,1-3B,<=8k,16.294349540078844,1.0,1.0,1.0,0.0,1.0,0.9,False,1.0,3.5277605425915137,-0.42223009236434134,0.0,0.0,1.0,-1.1767386521411511
Zyphra/Zamba2-1.2B-instruct,Zyphra,Zamba2,1.2B-instruct,tier1,unassigned,False,False,2024-09-19,apache-2.0,59819.0,30.0,1215064704.0,38.0,2048.0,8192.0,32.0,32.0,128.0,rmsnorm,gelu,rope,4096.0,,32000.0,hf_api.safetensors.total,128.0,4.0,,mamba_d_conv|mamba_d_state|mamba_expand|mamba_headdim|mamba_ngroups|n_mamba_heads,6,True,False,,,LlamaTokenizer,0,,True,True,True,False,0,False,,,,,2024-09-01,2024.0,True,1.215064704,4.0,9.084599405376261,3.612359947967774,4.7768464086953,1.0,0.0,0.0,1.0,4.0,31.97538694736842,37.970772,0.0185546875,3.371013894581864e-06,3371.0138945818644,49231.12308593568,False,False,False,,False,,,False,False,False,False,True,True,False,True,0.75,0.9230769230769231,hybrid,True,False,1-3B,<=8k,15.177398160315374,1.0,1.0,1.0,0.0,1.0,0.9,True,1.0,3.5277605425915137,-0.42223009236434134,0.0,0.0,1.0,0.646685727634047
cartesia-ai/Rene-v0.1-1.3b-pytorch,cartesia-ai,Rene-v0.1,1.3b-pytorch,tier1,ssm,False,False,2024-08-25,apache-2.0,6.0,60.0,1433295104.0,48.0,2048.0,,,,,,,,,,50280.0,hf_api.safetensors.total,,,,,0,False,False,1500000000000.0,model_card_text,,0,,True,True,True,False,0,False,,,,,2024-08-01,2024.0,False,1.433295104,,9.156335617364626,,0.8450980400142568,,,,,,29.860314666666667,,0.0234375,,,4.186158163280798,False,False,False,,False,1500000000000.0,1046.5395408201994,False,False,False,False,False,False,False,False,0.0,0.6153846153846154,ssm,False,False,1-3B,,15.99868593955322,0.0,0.0,0.0,0.0,0.0,0.0,False,,,-0.3580401809311764,0.0,0.0,0.0,-3.266983503045239
deepseek-ai/DeepSeek-R1-Distill-Qwen-1.5B,deepseek-ai,DeepSeek-R1-Distill-Qwen,1.5B,tier1,reasoning,True,True,2025-01-20,mit,1385896.0,1446.0,1777107310.0,28.0,1536.0,8960.0,12.0,2.0,128.0,rmsnorm,silu,rope,131072.0,4096.0,151936.0,repo_safetensors_file_sizes,,,,,0,False,False,32768.0,model_card_text,LlamaTokenizerFast,0,,True,True,True,False,0,False,,,,,2025-01-01,2025.0,False,1.77710731,128.0,9.24971365331669,5.11750992628768,6.141730954666949,6.0,0.8333333333333334,1.0,0.0,5.833333333333333,63.46811821428572,148.09227583333333,0.018229166666666668,7.375581613020319e-05,73755.81613020318,779860.6151701666,True,False,True,0.03125,True,,,False,False,False,False,True,True,True,True,1.0,1.0,reasoning,False,False,1-3B,32k-131k,11.136662286465176,0.0,1.0,0.0,0.0,0.0,0.0,False,0.5416666666666667,4.86779627297099,0.590794451844151,1.0,0.0,0.0,1.7974183687657197
google/gemma-2-2b-it,google,gemma-2,2b-it,tier1,transformer,False,False,2024-07-16,gemma,337883.0,1285.0,2614341888.0,26.0,2304.0,9216.0,8.0,4.0,256.0,rmsnorm,gelu_pytorch_tanh,rope,8192.0,4096.0,256000.0,hf_api.safetensors.total,,,,,0,False,False,13000000000000.0,model_card_text,GemmaTokenizer,3,BITSANDBYTES|INT8|INT4,True,True,True,True,0,False,,,,,2024-07-01,2024.0,False,2.614341888,8.0,9.417362381394005,3.9133899436317554,5.528767626885193,2.0,0.5,1.0,0.0,4.0,100.55161107692307,326.792736,0.011284722222222222,3.133484582717285e-06,3133.484582717286,129242.08633572566,False,False,True,0.5,False,13000000000000.0,4972.570748941004,True,False,True,True,False,True,False,True,0.5,1.0,transformer,False,False,1-3B,<=8k,17.31274638633377,0.0,1.0,0.0,0.0,0.0,0.0,False,1.0,3.4960275622377512,-0.01147686541723189,0.0,1.0,0.0,1.4102676634021512
google/gemma-3-1b-it,google,gemma-3,1b-it,tier1,transformer,False,False,2025-03-10,gemma,1492182.0,840.0,999905604.0,26.0,1152.0,6912.0,4.0,1.0,256.0,rmsnorm,,rope,32768.0,512.0,262144.0,repo_safetensors_file_sizes,,,,,0,False,False,14000000000000.0,model_card_text,GemmaTokenizer,1,BITSANDBYTES,True,True,True,False,0,False,,,,,2025-03-01,2025.0,False,0.999905604,32.0,8.99995900240305,4.515449934959718,6.173822087893059,4.0,0.75,1.0,0.0,6.0,38.457907846153844,249.976401,0.022569444444444444,3.2771093460138265e-05,32771.09346013826,1492322.8693095713,False,False,True,0.015625,False,14000000000000.0,14001.321668760243,True,False,True,False,False,True,False,True,0.5,1.0,transformer,False,False,sub-1B,8k-32k,9.526938239159001,0.0,1.0,0.0,0.0,0.0,0.0,False,0.5,4.515490932556666,0.020614764878923858,0.0,1.0,0.0,1.8204538887216453
ibm-granite/granite-4.0-1b,ibm-granite,granite-4.0,1b,tier1,transformer,False,False,2025-10-07,apache-2.0,10350.0,43.0,1631769232.0,40.0,2048.0,4096.0,16.0,4.0,128.0,rmsnorm,silu,rope,131072.0,,100352.0,repo_safetensors_file_sizes,256.0,4.0,,mamba_chunk_size|mamba_d_conv|mamba_d_head|mamba_d_state|mamba_expand|mamba_n_groups|mamba_n_heads,7,True,False,,,GPT2Tokenizer,0,,True,True,True,False,0,False,,,,,2025-10-01,2025.0,True,1.631769232,128.0,9.21265873998438,5.11750992628768,4.014982308585482,4.0,0.75,1.0,0.0,2.0,40.794230799999994,101.985577,0.01953125,8.032508361451933e-05,80325.08361451935,6342.808650285913,True,False,False,,False,,,False,False,False,False,True,True,True,True,1.0,0.9230769230769231,hybrid,False,True,1-3B,32k-131k,2.59526938239159,0.0,1.0,1.0,0.0,1.0,0.7,True,0.5,4.9048511863033,0.45754057437081036,1.0,0.0,1.0,-0.6887030244804446
ibm-granite/granite-4.0-350m,ibm-granite,granite-4.0,350m,tier1,unassigned,False,False,2025-10-07,apache-2.0,9760.0,56.0,352393112.0,28.0,1024.0,2048.0,16.0,4.0,64.0,rmsnorm,silu,rope,32768.0,,100352.0,repo_safetensors_file_sizes,256.0,4.0,,mamba_chunk_size|mamba_d_conv|mamba_d_head|mamba_d_state|mamba_expand|mamba_n_groups|mamba_n_heads,7,True,False,,,GPT2Tokenizer,0,,True,True,True,False,0,False,,,,,2025-10-01,2025.0,True,0.352393112,32.0,8.547027410949923,4.515449934959718,3.989494312772709,4.0,0.75,1.0,0.0,2.0,12.585468285714285,22.0245695,0.02734375,9.298706156322374e-05,92987.06156322375,27696.341578889886,False,False,False,,False,,,False,False,False,False,True,True,True,True,1.0,0.9230769230769231,hybrid,True,False,sub-1B,8k-32k,2.59526938239159,0.0,1.0,1.0,0.0,1.0,0.7,True,0.5,4.968422524009795,0.47959882240478835,0.0,0.0,1.0,-0.5533229463737777
ibm-granite/granite-4.0-h-1b,ibm-granite,granite-4.0-h,1b,tier1,hybrid,False,False,2025-10-07,apache-2.0,7345.0,136.0,1461564272.0,40.0,1536.0,4096.0,12.0,4.0,128.0,rmsnorm,silu,nope,131072.0,,100352.0,repo_safetensors_file_sizes,128.0,4.0,,mamba_chunk_size|mamba_d_conv|mamba_d_head|mamba_d_state|mamba_expand|mamba_n_groups|mamba_n_heads,7,True,False,,,GPT2Tokenizer,0,,True,True,True,False,0,False,,,,,2025-10-01,2025.0,True,1.461564272,128.0,9.164817918127392,5.11750992628768,3.866050924009275,3.0,0.6666666666666667,1.0,0.0,2.6666666666666665,36.5391068,121.79702266666668,0.026041666666666668,8.967925838843986e-05,89679.25838843986,5025.437567620016,True,False,False,,False,,,False,False,False,False,True,True,True,False,0.75,0.9230769230769231,hybrid,False,False,1-3B,32k-131k,2.59526938239159,1.0,1.0,1.0,0.0,1.0,0.9,False,0.6666666666666666,4.952692008160288,0.4304439417805558,1.0,0.0,1.0,-0.8260723618224564
ibm-granite/granite-4.0-h-350m,ibm-granite,granite-4.0-h,350m,tier1,unassigned,False,False,2025-10-07,apache-2.0,4160.0,91.0,340352432.0,32.0,768.0,2048.0,12.0,4.0,64.0,rmsnorm,silu,nope,32768.0,,100352.0,repo_safetensors_file_sizes,128.0,4.0,,mamba_chunk_size|mamba_d_conv|mamba_d_head|mamba_d_state|mamba_expand|mamba_n_groups|mamba_n_heads,7,True,False,,,GPT2Tokenizer,0,,True,True,True,False,0,False,,,,,2025-10-01,2025.0,True,0.340352432,32.0,8.531928858217851,4.515449934959718,3.6191977157929474,3.0,0.6666666666666667,1.0,0.0,2.6666666666666665,10.6360135,28.362702666666667,0.041666666666666664,9.627667358639589e-05,96276.67358639589,12222.624576397915,False,False,False,,False,,,False,False,False,False,True,True,True,False,0.75,0.9230769230769231,hybrid,True,False,sub-1B,8k-32k,2.59526938239159,1.0,1.0,1.0,0.0,1.0,0.9,True,0.6666666666666666,4.983521076741868,0.44114114064348786,0.0,0.0,1.0,-0.9199705638193238
nvidia/Hymba-1.5B-Base,nvidia,Hymba,1.5B-Base,tier1,hybrid,False,False,2024-10-09,other,374.0,157.0,1522797824.0,32.0,1600.0,5504.0,25.0,5.0,64.0,rmsnorm,silu,rope,8192.0,1024.0,32001.0,hf_api.safetensors.total,16.0,4.0,100.0,mamba_d_conv|mamba_d_state|mamba_dt_rank|mamba_expand|num_mamba,5,True,False,,,LlamaTokenizer,0,,True,True,True,False,0,False,,,,,2024-10-01,2024.0,True,1.522797824,8.0,9.18264224755823,3.9133899436317554,2.574031267727719,5.0,0.8,1.0,0.0,3.44,47.587432,60.91191296,0.02,5.379571648245276e-06,5379.571648245276,245.60056108932292,False,False,True,0.125,False,,,False,False,False,False,True,True,True,True,1.0,0.9230769230769231,hybrid,False,False,1-3B,<=8k,14.520367936925098,0.0,1.0,1.0,0.0,1.0,0.7,False,0.86,3.730747696073526,0.5451613666191988,0.0,0.0,1.0,-1.6081570857098297
state-spaces/mamba-1.4b-hf,state-spaces,mamba,1.4b-hf,tier1,ssm,False,False,2024-03-05,,2130.0,15.0,1372178432.0,48.0,2048.0,4096.0,,,,,silu,implicit_recurrence,,,50280.0,hf_api.safetensors.total,16.0,4.0,128.0,conv_kernel|state_size,2,False,False,,,GPTNeoXTokenizer,0,,True,True,True,True,0,False,,,,,2024-03-01,2024.0,True,1.372178432,,9.13741058877191,,3.328583449714202,,,,,2.0,28.587050666666666,,0.0234375,,,1552.27625673685,False,False,False,,False,,,False,False,False,False,False,False,True,False,0.25,0.6153846153846154,ssm,False,False,1-3B,,21.681997371879106,1.0,0.0,0.0,0.0,1.0,0.35,False,0.5,,-0.42209398790661823,0.0,0.0,1.0,-0.5338445006452686
state-spaces/mamba-130m-hf,state-spaces,mamba,130m-hf,tier1,unassigned,False,False,2024-03-06,,137155.0,68.0,129135360.0,24.0,768.0,1536.0,,,,,silu,implicit_recurrence,,,50280.0,hf_api.safetensors.total,16.0,4.0,48.0,conv_kernel|state_size,2,False,False,,,GPTNeoXTokenizer,0,,True,True,True,False,0,False,,,,,2024-03-01,2024.0,True,0.12913536,,8.111045177589423,,5.1372148109190015,,,,,2.0,5.38064,,0.03125,,,1062102.5875484452,False,False,False,,False,,,False,False,False,False,False,False,True,False,0.25,0.6153846153846154,ssm,True,False,sub-1B,,21.64914586070959,1.0,0.0,0.0,0.0,1.0,0.35,False,0.5,,-0.42209398790661823,0.0,0.0,1.0,1.5214195765950667
state-spaces/mamba-2.8b-hf,state-spaces,mamba,2.8b-hf,tier1,ssm,False,False,2024-03-05,,5470.0,111.0,2768345600.0,64.0,2560.0,5120.0,,,,,silu,implicit_recurrence,,,50280.0,hf_api.safetensors.total,16.0,4.0,160.0,conv_kernel|state_size,2,False,False,,,GPTNeoXTokenizer,0,,True,True,True,True,0,False,,,,,2024-03-01,2024.0,True,2.7683456,,9.442220306450837,,3.738066714777469,,,,,2.0,43.2554,,0.025,,,1975.9093662294188,False,False,False,,False,,,False,False,False,False,False,False,True,False,0.25,0.6153846153846154,ssm,False,False,1-3B,,21.681997371879106,1.0,0.0,0.0,0.0,1.0,0.35,False,0.5,,-0.42209398790661823,0.0,0.0,1.0,-0.19802686707513484
state-spaces/mamba-370m-hf,state-spaces,mamba,370m-hf,tier1,ssm,True,False,2024-03-06,,4265.0,16.0,371516416.0,48.0,1024.0,2048.0,,,,,silu,implicit_recurrence,,,50280.0,hf_api.safetensors.total,16.0,4.0,64.0,conv_kernel|state_size,2,False,False,,,GPTNeoXTokenizer,0,,True,True,True,False,0,False,,,,,2024-03-01,2024.0,True,0.371516416,,8.569978008461874,,3.63002085111341,,,,,2.0,7.739925333333333,,0.046875,,,11479.977240090515,False,False,False,,False,,,False,False,False,False,False,False,True,False,0.25,0.6153846153846154,ssm,False,False,sub-1B,,21.64914586070959,1.0,0.0,0.0,0.0,1.0,0.35,False,0.5,,-0.42209398790661823,0.0,0.0,1.0,-0.09668809375948495
state-spaces/mamba-790m-hf,state-spaces,mamba,790m-hf,tier1,ssm,False,False,2024-03-06,,1233.0,4.0,793204224.0,48.0,1536.0,3072.0,,,,,silu,implicit_recurrence,,,50280.0,hf_api.safetensors.total,16.0,4.0,96.0,conv_kernel|state_size,2,False,False,,,GPTNeoXTokenizer,0,,True,True,True,False,0,False,,,,,2024-03-01,2024.0,True,0.793204224,,8.899385018260203,,3.091315159697223,,,,,2.0,16.525088,,0.03125,,,1554.4546570644586,False,False,False,,False,,,False,False,False,False,False,False,True,False,0.25,0.6153846153846154,ssm,False,False,sub-1B,,21.64914586070959,1.0,0.0,0.0,0.0,1.0,0.35,False,0.5,,-0.42209398790661823,0.0,0.0,1.0,-0.7150040271976139
state-spaces/mamba2-1.3b,state-spaces,mamba2,1.3b,tier1,ssm,False,False,2024-05-28,apache-2.0,298.0,4.0,,48.0,2048.0,,,,,,,,,,50277.0,,,,,,0,False,False,,,,0,,True,True,True,False,0,False,,,,,2024-05-01,2024.0,False,,,,,2.4756711883244296,,,,,,,,0.0234375,,,,False,False,False,,False,,,False,False,False,False,False,False,False,False,0.0,0.46153846153846156,ssm,False,False,,,18.922470433639948,1.0,0.0,0.0,0.0,0.0,0.2,False,,,-0.3580401809311764,0.0,0.0,0.0,
state-spaces/mamba2-130m,state-spaces,mamba2,130m,tier1,unassigned,False,False,2024-05-28,apache-2.0,7446.0,11.0,,24.0,768.0,,,,,,,,,,50277.0,,,,,,0,False,False,,,,0,,True,True,True,False,0,False,,,,,2024-05-01,2024.0,False,,,,,3.871981353843369,,,,,,,,0.03125,,,,False,False,False,,False,,,False,False,False,False,False,False,False,False,0.0,0.46153846153846156,ssm,True,False,,,18.922470433639948,1.0,0.0,0.0,0.0,0.0,0.2,False,,,-0.3580401809311764,0.0,0.0,0.0,
state-spaces/mamba2-2.7b,state-spaces,mamba2,2.7b,tier1,ssm,False,False,2024-05-28,apache-2.0,1452.0,19.0,,64.0,2560.0,,,,,,,,,,50277.0,,,,,,0,False,False,,,,0,,True,True,True,False,0,False,,,,,2024-05-01,2024.0,False,,,,,3.1622656142980214,,,,,,,,0.025,,,,False,False,False,,False,,,False,False,False,False,False,False,False,False,0.0,0.46153846153846156,ssm,False,False,,,18.922470433639948,1.0,0.0,0.0,0.0,0.0,0.2,False,,,-0.3580401809311764,0.0,0.0,0.0,
state-spaces/mamba2-370m,state-spaces,mamba2,370m,tier1,unassigned,False,False,2024-05-28,apache-2.0,484.0,6.0,,48.0,1024.0,,,,,,,,,,50277.0,,,,,,0,False,False,,,,0,,True,True,True,False,0,False,,,,,2024-05-01,2024.0,False,,,,,2.6857417386022635,,,,,,,,0.046875,,,,False,False,False,,False,,,False,False,False,False,False,False,False,False,0.0,0.46153846153846156,ssm,True,False,,,18.922470433639948,1.0,0.0,0.0,0.0,0.0,0.2,False,,,-0.3580401809311764,0.0,0.0,0.0,
state-spaces/mamba2-780m,state-spaces,mamba2,780m,tier1,unassigned,False,False,2024-05-28,apache-2.0,465.0,1.0,,48.0,1536.0,,,,,,,,,,50277.0,,,,,,0,False,False,,,,0,,True,True,True,False,0,False,,,,,2024-05-01,2024.0,False,,,,,2.66838591669,,,,,,,,0.03125,,,,False,False,False,,False,,,False,False,False,False,False,False,False,False,0.0,0.46153846153846156,ssm,True,False,,,18.922470433639948,1.0,0.0,0.0,0.0,0.0,0.2,False,,,-0.3580401809311764,0.0,0.0,0.0,
tiiuae/Falcon-H1-0.5B-Instruct,tiiuae,Falcon-H1,0.5B-Instruct,tier1,hybrid,True,False,2025-05-01,other,998.0,32.0,521411104.0,36.0,1024.0,2048.0,8.0,2.0,64.0,rmsnorm,silu,rope,16384.0,,32784.0,hf_api.safetensors.total,128.0,4.0,,mamba_chunk_size|mamba_d_conv|mamba_d_head|mamba_d_ssm|mamba_d_state|mamba_expand|mamba_n_groups|mamba_n_heads|ssm_in_multiplier|ssm_multipliers|ssm_out_multiplier,11,True,True,,,PreTrainedTokenizer,1,GGUF,True,True,True,False,0,False,,,,,2025-05-01,2025.0,True,0.521411104,16.0,8.71718027569034,4.214419939295737,2.9995654882259823,4.0,0.75,1.0,0.0,2.0,14.483641777777779,65.176388,0.03515625,3.142242248834041e-05,31422.42248834041,1914.036721396712,False,False,False,,False,,,True,True,False,False,True,True,True,True,1.0,0.9230769230769231,hybrid,False,False,sub-1B,8k-32k,7.818659658344283,1.0,1.0,1.0,0.0,1.0,0.9,False,0.5,4.497239663605395,0.3161058273046152,0.0,1.0,1.0,-1.3591270896276666
tiiuae/Falcon-H1-1.5B-Instruct,tiiuae,Falcon-H1,1.5B-Instruct,tier1,hybrid,False,False,2025-05-01,other,612.0,17.0,1554863488.0,24.0,2048.0,4608.0,8.0,2.0,128.0,rmsnorm,silu,rope,131072.0,,65537.0,hf_api.safetensors.total,256.0,4.0,,mamba_chunk_size|mamba_d_conv|mamba_d_head|mamba_d_ssm|mamba_d_state|mamba_expand|mamba_n_groups|mamba_n_heads|ssm_in_multiplier|ssm_multipliers|ssm_out_multiplier,11,True,True,,,PreTrainedTokenizer,1,GGUF,True,True,True,False,0,False,,,,,2025-05-01,2025.0,True,1.554863488,128.0,9.191692265381624,5.11750992628768,2.787460474518415,4.0,0.75,1.0,0.0,2.25,64.78597866666667,194.357936,0.01171875,8.429807569061652e-05,84298.0756906165,393.60368593335954,True,False,False,,False,,,True,True,False,False,True,True,True,True,1.0,0.9230769230769231,hybrid,False,False,1-3B,32k-131k,7.818659658344283,1.0,1.0,1.0,0.0,1.0,0.9,False,0.5625,4.9258176609060556,0.5408136154028649,1.0,1.0,1.0,-1.6859109450659036
tiiuae/Falcon3-1B-Instruct,tiiuae,Falcon3,1B-Instruct,tier1,unassigned,False,False,2024-12-14,other,8033.0,44.0,1669408768.0,18.0,2048.0,8192.0,8.0,4.0,256.0,rmsnorm,silu,rope,32768.0,,131072.0,hf_api.safetensors.total,,,,,0,False,False,1200000.0,model_card_text,PreTrainedTokenizerFast,0,,True,True,True,False,0,False,,,,,2024-12-01,2024.0,False,1.669408768,32.0,9.222562690154811,4.515449934959718,3.904931827395653,2.0,0.5,1.0,0.0,4.0,92.74493155555555,208.676096,0.0087890625,1.9628505988534498e-05,19628.5059885345,4811.883197201466,False,False,False,,True,,,False,False,False,False,False,True,True,True,0.75,1.0,transformer,False,False,1-3B,8k-32k,12.352168199737187,0.0,1.0,0.0,0.0,0.0,0.0,False,1.0,4.2928872448049065,0.4159328143959945,0.0,0.0,0.0,-0.38040306370445176
AIDC-AI/Marco-o1,AIDC-AI,Marco,o1,tier2,unassigned,False,False,2024-11-13,apache-2.0,3304.0,713.0,7615616512.0,28.0,3584.0,18944.0,28.0,4.0,128.0,rmsnorm,silu,rope,131072.0,,152064.0,hf_api.safetensors.total,,,,,0,False,False,,,Qwen2Tokenizer,0,,True,True,True,True,0,False,,,,,2024-11-01,2024.0,False,7.615616512,128.0,9.88170506682134,5.11750992628768,3.519171463821659,7.0,0.8571428571428572,1.0,0.0,5.285714285714286,271.986304,271.986304,0.0078125,1.7210950655599396e-05,17210.950655599398,433.8453748024018,True,False,False,,False,,,False,False,False,False,True,True,True,True,1.0,0.9230769230769231,transformer,False,False,3-10B,32k-131k,13.370565045992116,0.0,1.0,0.0,0.0,0.0,0.0,False,0.6785714285714286,4.235804859466341,0.565245545155319,1.0,0.0,0.0,-0.8815472270728182
CohereForAI/aya-expanse-8b,CohereForAI,aya-expanse,8b,tier2,unassigned,False,False,2024-10-23,cc-by-nc-4.0,72348.0,421.0,8028033024.0,,,,,,,,,,,,,hf_api.safetensors.total,,,,,0,False,False,,,,0,,True,False,True,False,3,True,,,,,2024-10-01,2024.0,False,8.028033024,,9.904609150326593,,4.859432532725502,,,,,,,,,,,9011.921075027207,False,False,False,,False,,,False,False,False,False,False,False,False,False,0.0,0.3076923076923077,transformer,False,False,3-10B,,14.060446780551905,0.0,0.0,0.0,0.0,0.0,0.0,False,,,-0.3580401809311764,0.0,0.0,0.0,0.48292801760960824
CohereForAI/c4ai-command-r7b-12-2024,CohereForAI,c4ai,command-r7b-12-2024,tier2,unassigned,False,False,2024-12-11,cc-by-nc-4.0,11424.0,407.0,8028047968.0,,,,,,,,,,,,,repo_safetensors_file_sizes,,,,,0,False,False,23.0,model_card_text,,0,,True,False,True,False,3,True,,,,,2024-12-01,2024.0,False,8.028047968,,9.904609958755094,,4.057856208741888,,,,,,,,,,,1423.0109293736598,False,False,False,,True,,,False,False,False,False,False,False,False,False,0.0,0.38461538461538464,transformer,False,False,3-10B,,12.450722733245728,0.0,0.0,0.0,0.0,0.0,0.0,False,,,-0.3580401809311764,0.0,0.0,0.0,-0.38806417905913637
ML-GSAI/LLaDA-8B-Base,ML-GSAI,LLaDA,8B-Base,tier2,unassigned,False,False,,,,,,,,,,,,,,,,,,,,,,,0,False,False,,,,0,,False,False,False,False,1,True,,,,,,,False,,,,,,,,,,,,,,,,,False,False,False,,False,,,False,False,False,False,False,False,False,False,0.0,0.0,diffusion,True,False,,,,0.0,0.0,0.0,0.0,0.0,0.0,False,,,-0.3580401809311764,0.0,0.0,0.0,
NX-AI/xLSTM-7b,NX-AI,xLSTM,7b,tier2,xlstm,False,False,2024-12-11,other,694.0,113.0,6865424896.0,,,,8.0,,512.0,,,implicit_recurrence,,,50304.0,hf_api.safetensors.total,,,,mlstm_round_up_to_multiple_of,1,False,False,2300000000000.0,model_card_text,GPTNeoXTokenizer,0,,True,True,True,True,0,False,,,,,2024-12-01,2024.0,False,6.865424896,,9.83666742056445,,2.8419848045901137,,,,,,,858.178112,,,,101.08624164024356,False,False,False,,False,2300000000000.0,335.0120400180983,False,False,False,False,False,False,False,False,0.0,0.6153846153846154,xlstm,False,False,3-10B,,12.450722733245728,1.0,1.0,0.0,0.0,1.0,0.35,False,,,-0.3580401809311764,0.0,0.0,0.0,-1.5875154046838844
Qwen/Qwen2.5-3B,Qwen,Qwen2.5,3B,tier2,unassigned,False,False,2024-09-15,other,247654.0,169.0,3085938688.0,36.0,2048.0,11008.0,16.0,2.0,128.0,rmsnorm,silu,rope,131072.0,32768.0,151936.0,hf_api.safetensors.total,,,,,0,False,False,128000.0,model_card_text,Qwen2Tokenizer,0,,True,True,True,True,0,False,,,,,2024-09-01,2024.0,False,3.085938688,128.0,9.489387293169841,5.11750992628768,5.39384710054173,8.0,0.875,1.0,0.0,5.375,85.7205191111111,192.871168,0.017578125,4.247394820567478e-05,42473.94820567478,80252.4045480971,True,False,True,0.25,True,,,False,False,False,False,True,True,True,True,1.0,1.0,transformer,False,False,3-10B,32k-131k,15.308804204993429,0.0,1.0,0.0,0.0,0.0,0.0,False,0.65625,4.628122633117839,0.6946841743937926,1.0,0.0,0.0,1.1715249059308404
Qwen/Qwen2.5-7B,Qwen,Qwen2.5,7B,tier2,transformer,False,False,2024-09-15,apache-2.0,1332247.0,263.0,7615616512.0,28.0,3584.0,18944.0,28.0,4.0,128.0,rmsnorm,silu,rope,131072.0,131072.0,152064.0,hf_api.safetensors.total,,,,,0,False,False,131072.0,model_card_text,Qwen2Tokenizer,0,,True,True,True,True,0,False,,,,,2024-09-01,2024.0,False,7.615616512,128.0,9.88170506682134,5.11750992628768,6.124585076941011,7.0,0.8571428571428572,1.0,0.0,5.285714285714286,271.986304,271.986304,0.0078125,1.7210950655599396e-05,17210.950655599398,174936.19825798288,True,False,True,1.0,True,,,False,False,False,False,True,True,True,True,1.0,1.0,transformer,False,False,3-10B,32k-131k,15.308804204993429,0.0,1.0,0.0,0.0,0.0,0.0,False,0.6785714285714286,4.235804859466341,0.565245545155319,1.0,0.0,0.0,1.807448528109103
Qwen/Qwen2.5-Coder-7B,Qwen,Qwen2.5-Coder,7B,tier2,unassigned,False,False,2024-09-16,apache-2.0,253750.0,134.0,7615616512.0,28.0,3584.0,18944.0,28.0,4.0,128.0,rmsnorm,silu,rope,32768.0,131072.0,152064.0,hf_api.safetensors.total,,,,,0,False,False,131072.0,model_card_text,Qwen2Tokenizer,0,,True,True,True,True,0,False,,,,,2024-09-01,2024.0,False,7.615616512,32.0,9.88170506682134,4.515449934959718,5.4044077624232445,7.0,0.8571428571428572,1.0,0.0,5.285714285714286,271.986304,271.986304,0.0078125,4.302737663899849e-06,4302.737663899849,33319.692450396324,False,False,True,4.0,True,,,False,False,False,False,True,True,True,True,1.0,1.0,transformer,False,False,3-10B,8k-32k,15.275952693823916,0.0,1.0,0.0,0.0,0.0,0.0,False,0.6785714285714286,3.633744868138378,0.3563402570306372,0.0,0.0,0.0,1.0858545671157005
Qwen/Qwen3-4B,Qwen,Qwen3,4B,tier2,unassigned,False,False,2025-04-27,apache-2.0,5120931.0,552.0,4022468096.0,36.0,2560.0,9728.0,32.0,8.0,128.0,rmsnorm,silu,rope,131072.0,,151936.0,hf_api.safetensors.total,,,,,0,False,False,131072.0,model_card_text,Qwen2Tokenizer,1,GGUF,True,True,True,True,0,False,,,,,2025-04-01,2025.0,False,4.022468096,128.0,9.604492608200253,5.11750992628768,6.709349008948857,4.0,0.75,1.0,0.0,3.8,111.7352248888889,125.702128,0.0140625,3.2584969444590466e-05,32584.969444590468,1273081.8188694466,True,False,False,,True,,,True,True,False,False,True,True,True,True,1.0,1.0,transformer,False,False,3-10B,32k-131k,7.9500657030223385,0.0,1.0,0.0,0.0,0.0,0.0,False,0.95,4.513017318087427,0.8687660682163076,1.0,1.0,0.0,2.1418796462163794
Qwen/Qwen3-8B,Qwen,Qwen3,8B,tier2,unassigned,False,False,2025-04-27,apache-2.0,4744158.0,936.0,8190735360.0,36.0,4096.0,12288.0,32.0,8.0,128.0,rmsnorm,silu,rope,131072.0,,151936.0,hf_api.safetensors.total,,,,,0,False,False,131072.0,model_card_text,Qwen2Tokenizer,1,GGUF,True,True,True,True,0,False,,,,,2025-04-01,2025.0,False,8.19073536,128.0,9.913322894245605,5.11750992628768,6.676159235934929,4.0,0.75,1.0,0.0,3.0,227.52042666666665,255.96048,0.0087890625,1.6002470381365122e-05,16002.470381365123,579210.2651940644,True,False,False,,True,,,True,True,False,False,True,True,True,True,1.0,1.0,transformer,False,False,3-10B,32k-131k,7.9500657030223385,0.0,1.0,0.0,0.0,0.0,0.0,False,0.75,4.204187032042077,0.5184132270605251,1.0,1.0,0.0,2.0340525610492337
RWKV-Red-Team/ARWKV-R1-7B,RWKV-Red-Team,ARWKV-R1,7B,tier2,unassigned,False,False,2025-02-07,apache-2.0,16.0,13.0,8265367040.0,28.0,3584.0,18944.0,28.0,4.0,128.0,rmsnorm,silu,rope,32768.0,,152064.0,hf_api.safetensors.total,,,,,0,False,False,2000.0,model_card_text,LlamaTokenizerFast,1,GGUF,True,True,True,True,0,False,,,,,2025-02-01,2025.0,False,8.26536704,32.0,9.917262144042647,4.515449934959718,1.2304489213782739,7.0,0.8571428571428572,1.0,0.0,5.285714285714286,295.19168,295.19168,0.0078125,3.964494237390818e-06,3964.494237390818,1.9357882018509853,False,False,False,,True,,,True,True,False,False,True,True,True,True,1.0,1.0,rwkv,True,False,3-10B,8k-32k,10.545335085413928,1.0,1.0,0.0,0.0,0.0,0.2,False,0.6785714285714286,3.5981877909170703,0.34400251400040394,0.0,1.0,0.0,-3.300694709728729
RWKV/v5-Eagle-7B-HF,RWKV,v5-Eagle,7B-HF,tier2,rwkv,False,False,2024-01-29,apache-2.0,5904.0,72.0,,32.0,4096.0,,,,,,,,4096.0,,65536.0,,,,,,0,False,False,,,RWKVWorldTokenizer,0,,True,True,True,False,0,False,,,,,2024-01-01,2024.0,False,,4.0,,3.612359947967774,3.7712199019495336,,,,,,,,0.0078125,,,,False,False,False,,False,,,False,False,False,False,False,False,False,False,0.0,0.6153846153846154,rwkv,False,False,,<=8k,22.864651773981603,1.0,0.0,0.0,0.0,0.0,0.2,False,,,-0.3580401809311764,0.0,0.0,0.0,
RWKV/v6-Finch-3B-HF,RWKV,v6-Finch,3B-HF,tier2,unassigned,False,False,2024-07-21,apache-2.0,7.0,2.0,,32.0,2560.0,,64.0,,40.0,,,,,,65536.0,,,,,,0,False,False,,,Rwkv6Tokenizer,0,,True,True,True,False,0,False,,,,,2024-07-01,2024.0,False,,,,,0.9030899869919435,,,,,,,,0.0125,,,,False,False,False,,False,,,False,False,False,False,False,False,False,False,0.0,0.6153846153846154,rwkv,True,False,,,17.1484888304862,1.0,1.0,0.0,0.0,0.0,0.2,False,,,-0.3580401809311764,0.0,0.0,0.0,
RWKV/v6-Finch-7B-HF,RWKV,v6-Finch,7B-HF,tier2,rwkv,False,False,2024-07-21,apache-2.0,5221.0,4.0,7635746816.0,32.0,4096.0,,64.0,,64.0,,,,,,65536.0,hf_api.safetensors.total,,,,,0,False,False,,,Rwkv6Tokenizer,0,,True,True,True,False,0,False,,,,,2024-07-01,2024.0,False,7.635746816,,9.882851519742971,,3.7178368674869255,,,,,,238.617088,119.308544,0.0078125,,,683.75761085476,False,False,False,,False,,,False,False,False,False,True,False,False,False,0.25,0.6923076923076923,rwkv,False,False,3-10B,,17.1484888304862,1.0,1.0,0.0,0.0,0.0,0.2,False,,,-0.2071281989876514,0.0,0.0,0.0,-0.5202445505136342
Spiral-AI/Spiral-RetNet-3b-base,Spiral-AI,Spiral-RetNet,3b-base,tier2,retnet,False,False,2024-04-30,mit,2.0,5.0,2856228106.0,32.0,,,,,,layernorm,,,,,65024.0,hf_api.safetensors.total,,,,,0,False,False,80000000000.0,model_card_text,GPTNeoXTokenizer,0,,True,True,True,True,0,False,,,,,2024-04-01,2024.0,False,2.856228106,,9.45579288840567,,0.47712125471966244,,,,,,89.2571283125,,,,,0.7002241858059778,False,False,False,,False,80000000000.0,28.00896743223911,False,False,False,False,False,False,False,False,0.0,0.6153846153846154,transformer,False,True,1-3B,,19.842312746386334,0.0,0.0,0.0,0.0,0.0,0.0,False,,,-0.3580401809311764,0.0,0.0,0.0,-3.5415847165956764
Zyphra/Zamba2-2.7B,Zyphra,Zamba2,2.7B,tier2,hybrid,False,False,2024-07-09,apache-2.0,559.0,78.0,2662214560.0,54.0,2560.0,10240.0,32.0,32.0,160.0,rmsnorm,gelu,rope,4096.0,,32000.0,hf_api.safetensors.total,64.0,4.0,,hybrid_layer_ids|mamba_d_conv|mamba_d_state|mamba_expand|mamba_headdim|mamba_ngroups|n_mamba_heads,7,True,False,3000000000000.0,model_card_text,LlamaTokenizer,0,,True,True,True,True,0,False,,,,,2024-07-01,2024.0,True,2.66221456,4.0,9.42524305432008,3.612359947967774,2.7481880270062002,1.0,0.0,0.0,1.0,4.0,49.300269629629625,83.194205,0.02109375,1.5385687019907215e-06,1538.5687019907218,209.97556260078454,False,False,False,,False,3000000000000.0,1126.8813735283604,False,False,False,False,False,True,False,True,0.5,1.0,hybrid,False,False,1-3B,<=8k,17.542706964520367,1.0,1.0,1.0,0.0,1.0,0.9,False,1.0,3.187116893647696,-0.6913400290888986,0.0,0.0,1.0,-1.362299991985918
Zyphra/Zamba2-2.7B-instruct,Zyphra,Zamba2,2.7B-instruct,tier2,unassigned,False,False,2024-08-29,apache-2.0,198.0,82.0,2662214560.0,54.0,2560.0,10240.0,32.0,32.0,160.0,rmsnorm,gelu,rope,4096.0,,32000.0,hf_api.safetensors.total,64.0,4.0,,hybrid_layer_ids|mamba_d_conv|mamba_d_state|mamba_expand|mamba_headdim|mamba_ngroups|n_mamba_heads,7,True,False,,,LlamaTokenizer,0,,True,True,True,True,0,False,,,,,2024-08-01,2024.0,True,2.66221456,4.0,9.42524305432008,3.612359947967774,2.298853076409707,1.0,0.0,0.0,1.0,4.0,49.300269629629625,83.194205,0.02109375,1.5385687019907215e-06,1538.5687019907218,74.3741706528718,False,False,False,,False,,,False,False,False,False,False,True,False,True,0.5,0.9230769230769231,hybrid,True,False,1-3B,<=8k,15.867279894875164,1.0,1.0,1.0,0.0,1.0,0.9,True,1.0,3.187116893647696,-0.6913400290888986,0.0,0.0,1.0,-1.8838839128398877
Zyphra/Zamba2-7B,Zyphra,Zamba2,7B,tier2,unassigned,False,False,2024-09-27,apache-2.0,34.0,114.0,7356749648.0,,,,,,,,,,,,,hf_api.safetensors.total,,,,,0,False,False,2000000000000.0,model_card_text,,0,,True,False,True,False,3,True,,,,,2024-09-01,2024.0,False,7.356749648,,9.866685977145924,,1.5440680443502757,,,,,,,,,,,4.621606229218798,False,False,False,,False,2000000000000.0,271.85918995404694,False,False,False,False,False,False,False,False,0.0,0.38461538461538464,ssm,True,False,3-10B,,14.914586070959263,1.0,0.0,0.0,0.0,0.0,0.2,False,,,-0.3580401809311764,0.0,0.0,0.0,-2.7864384870829646
Zyphra/Zamba2-7B-Instruct,Zyphra,Zamba2,7B-Instruct,tier2,unassigned,False,False,2024-10-10,apache-2.0,10925.0,92.0,7356749648.0,81.0,3584.0,14336.0,32.0,32.0,224.0,rmsnorm,gelu,rope,4096.0,,32000.0,hf_api.safetensors.total,64.0,4.0,,hybrid_layer_ids|mamba_d_conv|mamba_d_state|mamba_expand|mamba_headdim|mamba_ngroups|n_mamba_heads,7,True,False,,,LlamaTokenizer,0,,True,True,True,True,0,False,,,,,2024-10-01,2024.0,True,7.356749648,4.0,9.866685977145924,3.612359947967774,4.038461196178564,1.0,0.0,0.0,1.0,4.0,90.82406972839506,229.8984265,0.022600446428571428,5.567676210258882e-07,556.7676210258882,1485.0308251239815,False,False,False,,False,,,False,False,False,False,False,True,False,True,0.5,0.9230769230769231,hybrid,True,False,3-10B,<=8k,14.487516425755585,1.0,1.0,1.0,0.0,1.0,0.9,True,1.0,2.745673970821851,-0.8445137365463994,0.0,0.0,1.0,-0.3104617394379545
allenai/OLMoE-1B-7B-0924,allenai,OLMoE,1B-7B-0924,tier2,moe,False,False,2024-07-20,apache-2.0,21439.0,141.0,6919161856.0,16.0,2048.0,1024.0,16.0,16.0,128.0,,silu,rope,4096.0,,50304.0,safetensors_index.metadata.total_size,,,,,0,False,False,100000000000.0,model_card_text,GPTNeoXTokenizer,0,,True,True,True,True,0,False,,,,,2024-07-01,2024.0,False,6.919161856,4.0,9.840053489925,3.612359947967774,4.331224781020732,1.0,0.0,0.0,1.0,0.5,432.447616,432.447616,0.0078125,5.91979214425823e-07,591.9792144258231,3098.496674334771,False,False,False,,False,100000000000.0,14.452617539692946,False,False,False,False,True,False,True,True,0.75,1.0,transformer,False,True,3-10B,<=8k,17.181340341655716,0.0,1.0,0.0,0.0,0.0,0.0,False,0.125,2.7723064580427756,-1.748332789620983,0.0,0.0,0.0,0.10490332767218025
allenai/Olmo-3-7B,allenai,Olmo-3,7B,tier2,unassigned,False,False,,,,,,,,,,,,,,,,,,,,,,,0,False,False,,,,0,,False,False,False,False,1,True,,,,,,,False,,,,,,,,,,,,,,,,,False,False,False,,False,,,False,False,False,False,False,False,False,False,0.0,0.0,transformer,False,False,,,,0.0,0.0,0.0,0.0,0.0,0.0,False,,,-0.3580401809311764,0.0,0.0,0.0,
deepseek-ai/DeepSeek-R1-Distill-Llama-8B,deepseek-ai,DeepSeek-R1-Distill-Llama,8B,tier2,unassigned,False,False,2025-01-20,mit,493205.0,844.0,8030261248.0,32.0,4096.0,14336.0,32.0,8.0,128.0,rmsnorm,silu,rope,131072.0,,128256.0,safetensors_index.metadata.total_size,,,,,0,False,False,32768.0,model_card_text,LlamaTokenizerFast,0,,True,True,True,True,0,False,,,,,2025-01-01,2025.0,False,8.030261248,128.0,9.904729674384436,5.11750992628768,5.693028351279414,4.0,0.75,1.0,0.0,3.5,250.945664,250.945664,0.0078125,1.6322258510910155e-05,16322.258510910155,61418.300696361104,True,False,False,,True,,,False,False,False,False,True,True,True,True,1.0,1.0,reasoning,True,False,3-10B,32k-131k,11.136662286465176,0.0,1.0,0.0,0.0,0.0,0.0,False,0.875,4.212780251903244,0.6733909507135114,1.0,0.0,0.0,1.1904131718863917
deepseek-ai/DeepSeek-R1-Distill-Qwen-7B,deepseek-ai,DeepSeek-R1-Distill-Qwen,7B,tier2,reasoning,False,False,2025-01-20,mit,717189.0,787.0,7615616512.0,28.0,3584.0,18944.0,28.0,4.0,128.0,rmsnorm,silu,rope,131072.0,4096.0,152064.0,hf_api.safetensors.total,,,,,0,False,False,32768.0,model_card_text,LlamaTokenizerFast,0,,True,True,True,True,0,False,,,,,2025-01-01,2025.0,False,7.615616512,128.0,9.88170506682134,5.11750992628768,5.855634225431283,7.0,0.8571428571428572,1.0,0.0,5.285714285714286,271.986304,271.986304,0.0078125,1.7210950655599396e-05,17210.950655599398,94173.46565047208,True,False,True,0.03125,True,,,False,False,False,False,True,True,True,True,1.0,1.0,reasoning,False,False,3-10B,32k-131k,11.136662286465176,0.0,1.0,0.0,0.0,0.0,0.0,False,0.6785714285714286,4.235804859466341,0.565245545155319,1.0,0.0,0.0,1.3585835741935055
google/gemma-3-4b-it,google,gemma-3,4b-it,tier2,unassigned,False,False,2025-02-20,gemma,1178782.0,1185.0,4300079472.0,,,,,,,,,,,,,safetensors_index.metadata.total_size,,,,,0,False,False,14000000000000.0,model_card_text,GemmaTokenizer,0,,True,True,True,True,0,False,,,,,2025-02-01,2025.0,False,4.300079472,,9.63347648207543,,6.071433863978507,,,,,,,,,,,274130.2823995807,False,False,False,,False,14000000000000.0,3255.753781101281,False,False,False,False,False,False,False,False,0.0,0.46153846153846156,transformer,False,False,3-10B,,10.11826544021025,0.0,0.0,0.0,0.0,0.0,0.0,False,,,-0.3580401809311764,0.0,0.0,0.0,1.5904584202711387
ibm-granite/granite-3.1-8b-instruct,ibm-granite,granite-3.1,8b-instruct,tier2,unassigned,False,False,2024-12-06,apache-2.0,97035.0,166.0,8170848256.0,40.0,4096.0,12800.0,32.0,8.0,128.0,rmsnorm,silu,rope,131072.0,,49155.0,safetensors_index.metadata.total_size,,,,,0,False,False,,,GPT2Tokenizer,0,,True,True,True,True,0,False,,,,,2024-12-01,2024.0,False,8.170848256,128.0,9.912267145122016,5.11750992628768,4.986932885820884,4.0,0.75,1.0,0.0,3.125,204.2712064,255.339008,0.009765625,1.6041418943712666e-05,16041.418943712668,11875.755975365895,True,False,False,,False,,,False,False,False,False,True,True,True,True,1.0,0.9230769230769231,transformer,False,False,3-10B,32k-131k,12.614980289093298,0.0,1.0,0.0,0.0,0.0,0.0,False,0.78125,4.205242781165664,0.5567785583886953,1.0,0.0,0.0,0.5462451612184411
ibm-granite/granite-3.2-8b-instruct,ibm-granite,granite-3.2,8b-instruct,tier2,unassigned,False,False,2025-02-17,apache-2.0,10598.0,89.0,8170848256.0,40.0,4096.0,12800.0,32.0,8.0,128.0,rmsnorm,silu,rope,131072.0,,49155.0,hf_api.safetensors.total,,,,,0,False,False,,,GPT2Tokenizer,0,,True,True,True,True,0,False,,,,,2025-02-01,2025.0,False,8.170848256,128.0,9.912267145122016,5.11750992628768,4.025264892154508,4.0,0.75,1.0,0.0,3.125,204.2712064,255.339008,0.009765625,1.6041418943712666e-05,16041.418943712668,1297.0501553761815,True,False,False,,False,,,False,False,False,False,True,True,True,True,1.0,0.9230769230769231,transformer,False,False,3-10B,32k-131k,10.21681997371879,0.0,1.0,0.0,0.0,0.0,0.0,False,0.78125,4.205242781165664,0.5567785583886953,1.0,0.0,0.0,-0.51883802516942
ibm-granite/granite-4.0-h-tiny,ibm-granite,granite-4.0,h-tiny,tier2,unassigned,False,False,2025-09-16,apache-2.0,23075.0,189.0,6939037248.0,40.0,1536.0,512.0,12.0,4.0,128.0,rmsnorm,silu,nope,131072.0,,100352.0,safetensors_index.metadata.total_size,128.0,4.0,,mamba_chunk_size|mamba_d_conv|mamba_d_head|mamba_d_state|mamba_expand|mamba_n_groups|mamba_n_heads,7,True,False,,,GPT2Tokenizer,0,,True,True,True,True,0,False,,,,,2025-09-01,2025.0,True,6.939037248,128.0,9.841299218742256,5.11750992628768,4.3631605302861045,3.0,0.6666666666666667,1.0,0.0,0.3333333333333333,173.4759312,578.253104,0.026041666666666668,1.888907571980222e-05,18889.07571980222,3325.3892687563794,True,False,False,,False,,,False,False,False,False,True,True,True,False,0.75,0.9230769230769231,hybrid,True,False,3-10B,32k-131k,3.2851511169513796,1.0,1.0,1.0,0.0,1.0,0.9,True,0.08333333333333337,4.276210707545425,-0.513599087171958,1.0,0.0,1.0,-0.4627034468051745
ibm-granite/granite-4.0-micro,ibm-granite,granite-4.0,micro,tier2,unassigned,False,False,2025-09-16,apache-2.0,59036.0,257.0,3402836480.0,40.0,2560.0,8192.0,40.0,8.0,64.0,rmsnorm,silu,rope,131072.0,,100352.0,safetensors_index.metadata.total_size,256.0,4.0,,mamba_chunk_size|mamba_d_conv|mamba_d_head|mamba_d_state|mamba_expand|mamba_n_groups|mamba_n_heads,7,True,False,,,GPT2Tokenizer,0,,True,True,True,True,0,False,,,,,2025-09-01,2025.0,True,3.40283648,128.0,9.53184107999797,5.11750992628768,4.77112428044526,5.0,0.8,1.0,0.0,3.2,85.070912,85.070912,0.015625,3.8518453875279957e-05,38518.453875279956,17349.05580887625,True,False,False,,False,,,False,False,False,False,True,True,True,True,1.0,0.9230769230769231,hybrid,True,False,3-10B,32k-131k,3.2851511169513796,0.0,1.0,1.0,0.0,1.0,0.7,True,0.8,4.585668846289711,0.7688473888820901,1.0,0.0,1.0,0.020049353338603026
ibm-granite/granite-4.0-tiny-preview,ibm-granite,granite-4.0,tiny-preview,tier2,unassigned,False,False,2025-04-30,apache-2.0,26137.0,182.0,6671539776.0,40.0,1536.0,512.0,12.0,4.0,128.0,rmsnorm,silu,nope,131072.0,,49160.0,safetensors_index.metadata.total_size,128.0,4.0,,mamba_chunk_size|mamba_d_conv|mamba_d_head|mamba_d_state|mamba_expand|mamba_n_groups|mamba_n_heads,7,True,False,,,GPT2Tokenizer,0,,True,True,True,True,0,False,,,,,2025-04-01,2025.0,True,6.671539776,128.0,9.824226079650455,5.11750992628768,4.417272353627316,3.0,0.6666666666666667,1.0,0.0,0.3333333333333333,166.78849440000002,555.961648,0.026041666666666668,1.964643911312866e-05,19646.439113128657,3917.6863029468054,True,False,False,,False,,,False,False,False,False,True,True,True,False,0.75,0.9230769230769231,hybrid,True,False,3-10B,32k-131k,7.851511169513797,0.0,1.0,1.0,0.0,1.0,0.7,True,0.08333333333333337,4.293283846637226,-0.5076749781254517,1.0,0.0,1.0,-0.20755157084469733
internlm/internlm2_5-7b-chat,internlm,internlm2_5,7b-chat,tier2,unassigned,False,False,2024-06-27,other,26152.0,199.0,7737708544.0,32.0,4096.0,14336.0,32.0,8.0,128.0,rmsnorm,silu,rope,65536.0,,92544.0,safetensors_index.metadata.total_size,,,,,0,False,False,,,InternLM2Tokenizer,1,GGUF,True,True,True,True,0,False,,,,,2024-06-01,2024.0,False,7.737708544,64.0,9.888612367138084,4.816479930623699,4.417521513804297,4.0,0.75,1.0,0.0,3.5,241.803392,241.803392,0.0078125,8.469690946270928e-06,8469.690946270926,3379.811975507771,False,False,False,,False,,,True,True,False,False,True,True,True,True,1.0,0.9230769230769231,transformer,False,False,3-10B,32k-131k,17.936925098554532,0.0,1.0,0.0,0.0,0.0,0.0,False,0.875,3.927867563485615,0.5745307571753563,0.0,1.0,0.0,0.21204734438275175
internlm/internlm3-8b-instruct,internlm,internlm3,8b-instruct,tier2,unassigned,False,False,2025-01-13,apache-2.0,8816.0,229.0,8804241408.0,48.0,4096.0,10240.0,32.0,2.0,128.0,rmsnorm,silu,rope,196608.0,,128512.0,safetensors_index.metadata.total_size,,,,,0,False,False,,,InternLM3Tokenizer,3,BITSANDBYTES|INT8|INT4,True,True,True,True,0,False,,,,,2025-01-01,2025.0,False,8.804241408,192.0,9.944691942187184,5.293601185343362,3.945320840792275,16.0,0.9375,1.0,0.0,2.5,183.421696,275.132544,0.01171875,2.233105510048277e-05,22331.055100482772,1001.335559925619,True,False,False,,False,,,True,False,True,True,True,True,True,True,1.0,0.9230769230769231,transformer,False,False,3-10B,>131k,11.366622864651774,0.0,1.0,0.0,0.0,0.0,0.0,False,0.625,4.348909243156178,0.6313870504787579,1.0,1.0,0.0,-0.5570357917504682
meta-llama/Llama-3.1-8B-Instruct,meta-llama,Llama-3.1,8B-Instruct,tier2,transformer,False,False,2024-07-18,llama3.1,5837840.0,5463.0,8030261248.0,32.0,4096.0,14336.0,32.0,8.0,128.0,rmsnorm,silu,rope,131072.0,,128256.0,hf_api.safetensors.total,,,,,0,False,False,15000000000000.0,model_card_text,PreTrainedTokenizerFast,0,,True,True,True,True,0,False,,,,,2024-07-01,2024.0,False,8.030261248,128.0,9.904729674384436,5.11750992628768,6.7662522623267165,4.0,0.75,1.0,0.0,3.5,250.945664,250.945664,0.0078125,1.6322258510910155e-05,16322.258510910155,726980.0844217814,True,False,False,,False,15000000000000.0,1867.9342473118006,False,False,False,False,True,True,True,True,1.0,1.0,transformer,False,False,3-10B,32k-131k,17.24704336399474,0.0,1.0,0.0,0.0,0.0,0.0,False,0.875,4.212780251903244,0.6733909507135114,1.0,0.0,0.0,2.527133327402133
meta-llama/Llama-3.2-3B-Instruct,meta-llama,Llama-3.2,3B-Instruct,tier2,unassigned,False,False,2024-09-18,llama3.2,2210460.0,1985.0,3212749824.0,,,,,,,,,,,,,hf_api.safetensors.total,,,,,0,False,False,9000000000000.0,model_card_text,,3,GPTQ|INT8|INT4,True,False,True,False,3,True,,,,,2024-09-01,2024.0,False,3.212749824,,9.506876908468895,,6.344482856887579,,,,,,,,,,,688027.4285558563,False,False,False,,False,9000000000000.0,2801.3385707059647,True,False,False,True,False,False,False,False,0.0,0.38461538461538464,transformer,False,False,3-10B,,15.210249671484888,0.0,0.0,0.0,0.0,0.0,0.0,False,,,-0.3580401809311764,0.0,1.0,0.0,2.1136838774414777
microsoft/Phi-4-mini-instruct,microsoft,Phi-4,mini-instruct,tier2,unassigned,False,False,2025-02-19,mit,212939.0,685.0,3836021760.0,32.0,3072.0,8192.0,24.0,8.0,128.0,rmsnorm,silu,rope,6261309.0,262144.0,200064.0,hf_api.safetensors.total,,,,,0,False,False,5000000000000.0,model_card_text,GPT2Tokenizer,0,,True,True,True,True,0,False,,,,,2025-02-01,2025.0,False,3.83602176,6114.5595703125,9.58388106205992,6.796665137051926,5.328257249731236,3.0,0.6666666666666667,1.0,0.0,2.6666666666666665,119.87568,159.83424,0.010416666666666666,0.0016322402196175237,1632240.2196175237,55510.37333010332,True,True,True,0.041867283662250177,False,5000000000000.0,1303.433690636833,False,False,False,False,True,True,True,True,1.0,1.0,transformer,False,False,3-10B,>131k,10.151116951379763,0.0,1.0,0.0,0.0,0.0,0.0,False,0.6666666666666666,6.2127840749920065,1.0185879273064449,1.0,0.0,0.0,0.8606845465204911
microsoft/Phi-4-mini-reasoning,microsoft,Phi-4,mini-reasoning,tier2,reasoning,False,False,2025-04-29,mit,9680.0,216.0,3836021760.0,32.0,3072.0,8192.0,24.0,8.0,128.0,rmsnorm,silu,rope,6261309.0,262144.0,200064.0,hf_api.safetensors.total,,,,,0,False,False,150000000000.0,model_card_text,GPT2Tokenizer,0,,True,True,True,True,0,False,,,,,2025-04-01,2025.0,False,3.83602176,6114.5595703125,9.58388106205992,6.796665137051926,3.9859202201235675,3.0,0.6666666666666667,1.0,0.0,2.6666666666666665,119.87568,159.83424,0.010416666666666666,0.0016322402196175237,1632240.2196175237,2523.447625072909,True,True,True,0.041867283662250177,False,150000000000.0,39.103010719104994,False,False,False,False,True,True,True,True,1.0,1.0,reasoning,False,False,3-10B,>131k,7.884362680683311,0.0,1.0,0.0,0.0,0.0,0.0,False,0.6666666666666666,6.2127840749920065,1.0185879273064449,1.0,0.0,0.0,-0.5794010899061153
mistralai/Ministral-8B-Instruct-2410,mistralai,Ministral,8B-Instruct-2410,tier2,unassigned,False,False,2024-10-15,other,111051.0,572.0,8019808256.0,36.0,4096.0,12288.0,32.0,8.0,128.0,rmsnorm,silu,rope,32768.0,32768.0,131072.0,safetensors_index.metadata.total_size,,,,,0,False,False,100000.0,model_card_text,LlamaTokenizer,0,,True,True,True,True,0,False,,,,,2024-10-01,2024.0,False,8.019808256,32.0,9.904163984947928,4.515449934959718,5.0455263844166165,4.0,0.75,1.0,0.0,3.0,222.77245155555556,250.619008,0.0087890625,4.0858832223930915e-06,4085.883222393092,13847.08916412278,False,False,True,1.0,True,,,False,False,False,False,True,True,True,True,1.0,1.0,transformer,False,False,3-10B,8k-32k,14.323258869908015,0.0,1.0,0.0,0.0,0.0,0.0,False,0.75,3.6112859500117906,0.31268593550312673,0.0,0.0,0.0,0.680462627533795
nvidia/Nemotron-H-4B-Instruct-128K,nvidia,Nemotron-H,4B-Instruct-128K,tier2,unassigned,False,False,2025-04-15,other,28485.0,8.0,4489223040.0,52.0,3072.0,12288.0,32.0,8.0,128.0,rmsnorm,,,131072.0,,131072.0,hf_api.safetensors.total,128.0,4.0,192.0,conv_kernel|mamba_head_dim|mamba_num_heads|ssm_state_size,4,True,True,,,PreTrainedTokenizerFast,0,,True,True,True,True,0,False,,,,,2025-04-01,2025.0,True,4.48922304,128.0,9.652171183177307,5.11750992628768,4.454631469952393,4.0,0.75,1.0,0.0,4.0,86.3312123076923,140.28822,0.016927083333333332,2.91970345051067e-05,29197.0345051067,6345.195982955661,True,False,False,,False,,,False,False,False,False,True,True,False,False,0.5,0.9230769230769231,hybrid,True,False,3-10B,32k-131k,8.344283837056505,1.0,1.0,1.0,0.0,1.0,0.9,True,1.0,4.465338743110373,0.6111967983727651,1.0,0.0,1.0,-0.10736097089645469
tiiuae/Falcon-H1-3B-Instruct,tiiuae,Falcon-H1,3B-Instruct,tier2,unassigned,False,False,2025-05-01,other,2626.0,14.0,3149392384.0,32.0,2560.0,6144.0,10.0,2.0,128.0,rmsnorm,silu,rope,131072.0,,65537.0,hf_api.safetensors.total,256.0,4.0,,mamba_chunk_size|mamba_d_conv|mamba_d_head|mamba_d_ssm|mamba_d_state|mamba_expand|mamba_n_groups|mamba_n_heads|ssm_in_multiplier|ssm_multipliers|ssm_out_multiplier,11,True,True,,,PreTrainedTokenizer,1,GGUF,True,True,True,True,0,False,,,,,2025-05-01,2025.0,True,3.149392384,128.0,9.498226772922923,5.11750992628768,3.4194600727860704,5.0,0.8,1.0,0.0,2.4,98.418512,314.93923839999997,0.0125,4.161818662732881e-05,41618.18662732881,833.8116308850514,True,False,False,,False,,,True,True,False,False,True,True,True,True,1.0,0.9230769230769231,hybrid,True,False,3-10B,32k-131k,7.818659658344283,1.0,1.0,1.0,0.0,1.0,0.9,True,0.6,4.619283153364757,0.5373174016328817,1.0,1.0,1.0,-1.1279938210855436
tiiuae/Falcon-H1-7B-Instruct,tiiuae,Falcon-H1,7B-Instruct,tier2,hybrid,False,False,2025-05-01,other,3542.0,30.0,7585654880.0,44.0,3072.0,12288.0,12.0,2.0,128.0,rmsnorm,silu,rope,262144.0,,130049.0,hf_api.safetensors.total,256.0,4.0,,mamba_chunk_size|mamba_d_conv|mamba_d_head|mamba_d_ssm|mamba_d_state|mamba_expand|mamba_n_groups|mamba_n_heads|ssm_in_multiplier|ssm_multipliers|ssm_out_multiplier,11,True,True,,,PreTrainedTokenizer,1,GGUF,True,True,True,True,0,False,,,,,2025-05-01,2025.0,True,7.58565488,256.0,9.879993079980121,5.418539921951662,3.549371152333177,6.0,0.8333333333333334,1.0,0.0,4.0,172.4012472727273,632.1379066666666,0.014322916666666666,3.455786008550919e-05,34557.86008550919,466.93397683286116,True,False,False,,False,,,True,True,False,False,True,True,True,True,1.0,0.9230769230769231,hybrid,False,False,3-10B,>131k,7.818659658344283,1.0,1.0,1.0,0.0,1.0,0.9,False,1.0,4.53854684197154,1.0338688223644774,1.0,1.0,1.0,-1.0903470443510983
tiiuae/Falcon3-3B-Instruct,tiiuae,Falcon3,3B-Instruct,tier2,unassigned,False,False,2024-12-14,other,5876.0,28.0,3227655168.0,22.0,3072.0,9216.0,12.0,4.0,256.0,rmsnorm,silu,rope,32768.0,,131072.0,hf_api.safetensors.total,,,,,0,False,False,1200000.0,model_card_text,PreTrainedTokenizerFast,0,,True,True,True,True,0,False,,,,,2024-12-01,2024.0,False,3.227655168,32.0,9.508887129942735,4.515449934959718,3.7691556907143986,3.0,0.6666666666666667,1.0,0.0,3.0,146.71159854545454,268.971264,0.007161458333333333,1.0152261717692886e-05,10152.261717692885,1820.5166581165588,False,False,False,,True,,,False,False,False,False,False,True,True,True,0.75,1.0,transformer,False,False,3-10B,8k-32k,12.352168199737187,0.0,1.0,0.0,0.0,0.0,0.0,False,0.75,4.006562805016983,0.20348275768645985,0.0,0.0,0.0,-0.5853773572867031
tiiuae/Falcon3-7B-Instruct,tiiuae,Falcon3,7B-Instruct,tier2,transformer,False,False,2024-11-29,other,13474.0,76.0,7455550464.0,28.0,3072.0,23040.0,12.0,4.0,256.0,rmsnorm,silu,rope,32768.0,,131072.0,hf_api.safetensors.total,,,,,0,False,False,1200000.0,model_card_text,PreTrainedTokenizerFast,0,,True,True,True,True,0,False,,,,,2024-11-01,2024.0,False,7.455550464,32.0,9.872479714140738,4.515449934959718,4.129528773858777,3.0,0.6666666666666667,1.0,0.0,7.5,266.26965942857146,621.295872,0.009114583333333334,4.395114774988665e-06,4395.114774988666,1807.2441552184227,False,False,False,,True,,,False,False,False,False,False,True,True,True,0.75,1.0,transformer,False,False,3-10B,8k-32k,12.844940867279893,0.0,1.0,0.0,0.0,0.0,0.0,False,0.125,3.6429702208189796,-0.6826581762473198,0.0,0.0,0.0,-0.2916267010500251
tiiuae/falcon-mamba-7b,tiiuae,falcon-mamba,7b,tier2,ssm,False,False,2024-07-17,other,7334.0,242.0,7272665088.0,64.0,4096.0,8192.0,,,,,silu,,,,65024.0,safetensors_index.metadata.total_size,16.0,4.0,256.0,conv_kernel|state_size,2,False,False,256.0,model_card_text,PreTrainedTokenizerFast,2,BITSANDBYTES|INT4,True,True,True,True,0,False,,,,,2024-07-01,2024.0,True,7.272665088,,9.861693588426306,,3.8654001181793016,,,,,2.0,113.635392,,0.015625,,,1008.4336225108459,False,False,False,,True,,,True,False,True,False,False,False,True,False,0.25,0.7692307692307693,ssm,False,False,3-10B,,17.279894875164256,1.0,0.0,0.0,0.0,1.0,0.35,False,0.5,,-0.42209398790661823,0.0,1.0,1.0,-0.36190131929533953
tiiuae/falcon-mamba-7b-instruct,tiiuae,falcon-mamba,7b-instruct,tier2,unassigned,False,False,2024-07-30,other,6617.0,70.0,7272665088.0,64.0,4096.0,8192.0,,,,,silu,,,,65024.0,hf_api.safetensors.total,16.0,4.0,256.0,conv_kernel|state_size,2,False,False,256.0,model_card_text,PreTrainedTokenizerFast,2,BITSANDBYTES|INT4,True,True,True,True,0,False,,,,,2024-07-01,2024.0,True,7.272665088,,9.861693588426306,,3.8207267628238344,,,,,2.0,113.635392,,0.015625,,,909.8452795410782,False,False,False,,True,,,True,False,True,False,False,False,True,False,0.25,0.7692307692307693,ssm,True,False,3-10B,,16.852825229960576,1.0,0.0,0.0,0.0,1.0,0.35,False,0.5,,-0.42209398790661823,0.0,1.0,1.0,-0.42499107883408493
togethercomputer/StripedHyena-Hessian-7B,togethercomputer,StripedHyena-Hessian,7B,tier2,unassigned,False,False,2023-11-21,apache-2.0,374.0,66.0,7646024704.0,32.0,4096.0,,32.0,,128.0,,,rope,,,32000.0,hf_api.safetensors.total,2.0,,,state_size,1,False,False,,,LlamaTokenizer,0,,True,True,True,True,0,False,,,,,2023-11-01,2023.0,True,7.646024704,,9.883435696873377,,2.574031267727719,,,,,,238.938272,238.938272,0.0078125,,,48.91430703910004,False,False,False,,False,,,False,False,False,False,True,False,False,True,0.5,0.6923076923076923,hybrid,True,False,3-10B,,25.131406044678055,0.0,1.0,1.0,0.0,1.0,0.7,True,,,-0.056216217044126444,0.0,0.0,1.0,-1.3199462391250263
togethercomputer/StripedHyena-Nous-7B,togethercomputer,StripedHyena-Nous,7B,tier2,hybrid,False,False,2023-12-04,apache-2.0,56.0,143.0,7646024704.0,32.0,4096.0,,32.0,,128.0,,,rope,,,32000.0,hf_api.safetensors.total,2.0,,,state_size,1,False,False,,,LlamaTokenizer,0,,True,True,True,True,0,False,,,,,2023-12-01,2023.0,True,7.646024704,,9.883435696873377,,1.7558748556724915,,,,,,238.938272,238.938272,0.0078125,,,7.324067364143321,False,False,False,,False,,,False,False,False,False,True,False,False,True,0.5,0.6923076923076923,hybrid,False,False,3-10B,,24.704336399474375,0.0,1.0,1.0,0.0,1.0,0.7,False,,,-0.056216217044126444,0.0,0.0,1.0,-2.156519055363532
CohereForAI/aya-expanse-32b,CohereForAI,aya-expanse,32b,tier3,unassigned,False,False,2024-10-23,cc-by-nc-4.0,5533.0,288.0,32296476672.0,,,,,,,,,,,,,hf_api.safetensors.total,,,,,0,False,False,,,,0,,True,False,True,False,3,True,,,,,2024-10-01,2024.0,False,32.296476672,,10.509155146313441,,3.7430391548049333,,,,,,,,,,,171.31899730712522,False,False,False,,False,,,False,False,False,False,False,False,False,False,0.0,0.3076923076923077,transformer,False,False,10B+,,14.060446780551905,0.0,0.0,0.0,0.0,0.0,0.0,False,,,-0.3580401809311764,0.0,0.0,0.0,-0.779570487470743
CohereForAI/c4ai-command-r-08-2024,CohereForAI,c4ai,command-r-08-2024,tier3,unassigned,False,False,2024-08-19,cc-by-nc-4.0,2143.0,169.0,32296495316.0,,,,,,,,,,,,,repo_safetensors_file_sizes,,,,,0,False,False,23.0,model_card_text,,0,,True,False,True,False,3,True,,,,,2024-08-01,2024.0,False,32.296495316,,10.509155397021408,,3.3312247810207323,,,,,,,,,,,66.3539489047388,False,False,False,,True,,,False,False,False,False,False,False,False,False,0.0,0.38461538461538464,transformer,False,False,10B+,,16.1957950065703,0.0,0.0,0.0,0.0,0.0,0.0,False,,,-0.3580401809311764,0.0,0.0,0.0,-1.099302900929013
Qwen/QwQ-32B,Qwen,QwQ,32B,tier3,reasoning,False,False,2025-03-05,apache-2.0,67446.0,2884.0,32763876352.0,64.0,5120.0,27648.0,40.0,8.0,128.0,rmsnorm,silu,rope,131072.0,32768.0,152064.0,safetensors_index.metadata.total_size,,,,,0,False,False,131072.0,model_card_text,Qwen2Tokenizer,0,,True,True,True,True,0,False,,,,,2025-03-01,2025.0,False,32.763876352,128.0,10.515395278274339,5.11750992628768,4.828962637293008,5.0,0.8,1.0,0.0,5.4,511.935568,819.0969087999999,0.0125,4.000503438354571e-06,4000.503438354571,2058.547629572009,True,False,True,0.25,True,,,False,False,False,False,True,True,True,True,1.0,1.0,reasoning,False,False,10B+,32k-131k,9.69119579500657,0.0,1.0,0.0,0.0,0.0,0.0,False,0.6499999999999999,3.602114648013343,0.2451744340544801,1.0,0.0,0.0,0.11643091465568212
Qwen/QwQ-32B-Preview,Qwen,QwQ,32B-Preview,tier3,unassigned,False,False,2024-11-27,apache-2.0,6887.0,1742.0,32763876352.0,64.0,5120.0,27648.0,40.0,8.0,128.0,rmsnorm,silu,rope,32768.0,32768.0,152064.0,hf_api.safetensors.total,,,,,0,False,False,32768.0,model_card_text,Qwen2Tokenizer,0,,True,True,True,True,0,False,,,,,2024-11-01,2024.0,False,32.763876352,32.0,10.515395278274339,4.515449934959718,3.8380931384455983,5.0,0.8,1.0,0.0,5.4,511.935568,819.0969087999999,0.0125,1.0001258595886426e-06,1000.1258595886427,210.20101303060858,False,False,True,1.0,True,,,False,False,False,False,True,True,True,True,1.0,1.0,transformer,False,False,10B+,8k-32k,12.910643889618921,0.0,1.0,0.0,0.0,0.0,0.0,False,0.6499999999999999,3.0000546566853803,0.03626914592979835,0.0,0.0,0.0,-0.7356072295793239
Qwen/Qwen2.5-14B,Qwen,Qwen2.5,14B,tier3,unassigned,False,False,2024-09-15,apache-2.0,83679.0,142.0,14770033664.0,48.0,5120.0,13824.0,40.0,8.0,128.0,rmsnorm,silu,rope,131072.0,131072.0,152064.0,hf_api.safetensors.total,,,,,0,False,False,131072.0,model_card_text,Qwen2Tokenizer,0,,True,True,True,True,0,False,,,,,2024-09-01,2024.0,False,14.770033664,128.0,10.169381485161155,5.11750992628768,4.922621671523199,5.0,0.8,1.0,0.0,2.7,307.7090346666667,369.2508416,0.009375,8.874184242346762e-06,8874.184242346762,5665.457635615041,True,False,True,1.0,True,,,False,False,False,False,True,True,True,True,1.0,1.0,transformer,False,False,10B+,32k-131k,15.308804204993429,0.0,1.0,0.0,0.0,0.0,0.0,False,0.675,3.9481284411265247,0.39563494634184065,1.0,0.0,0.0,0.5359602230783214
Qwen/Qwen2.5-32B,Qwen,Qwen2.5,32B,tier3,unassigned,False,False,2024-09-15,apache-2.0,105547.0,172.0,32763876352.0,64.0,5120.0,27648.0,40.0,8.0,128.0,rmsnorm,silu,rope,131072.0,131072.0,152064.0,hf_api.safetensors.total,,,,,0,False,False,131072.0,model_card_text,Qwen2Tokenizer,0,,True,True,True,True,0,False,,,,,2024-09-01,2024.0,False,32.763876352,128.0,10.515395278274339,5.11750992628768,5.023450008395043,5.0,0.8,1.0,0.0,5.4,511.935568,819.0969087999999,0.0125,4.000503438354571e-06,4000.503438354571,3221.444216980056,True,False,True,1.0,True,,,False,False,False,False,True,True,True,True,1.0,1.0,transformer,False,False,10B+,32k-131k,15.308804204993429,0.0,1.0,0.0,0.0,0.0,0.0,False,0.6499999999999999,3.602114648013343,0.2451744340544801,1.0,0.0,0.0,0.5531648330916052
Qwen/Qwen2.5-72B,Qwen,Qwen2.5,72B,tier3,unassigned,False,False,2024-09-15,other,27593.0,86.0,72706203648.0,80.0,8192.0,29568.0,64.0,8.0,128.0,rmsnorm,silu,rope,131072.0,131072.0,152064.0,hf_api.safetensors.total,,,,,0,False,False,131072.0,model_card_text,Qwen2Tokenizer,0,,True,True,True,True,0,False,,,,,2024-09-01,2024.0,False,72.706203648,128.0,10.861571468563978,5.11750992628768,4.440814659957681,8.0,0.875,1.0,0.0,3.609375,908.8275456,1136.034432,0.009765625,1.8027622599382621e-06,1802.762259938262,379.51369505673574,True,False,True,1.0,True,,,False,False,False,False,True,True,True,True,1.0,1.0,transformer,False,False,10B+,32k-131k,15.308804204993429,0.0,1.0,0.0,0.0,0.0,0.0,False,0.90234375,3.255938457723701,0.5178001325811583,1.0,0.0,0.0,-0.11313348993777961
Qwen/Qwen2.5-72B-Instruct,Qwen,Qwen2.5,72B-Instruct,tier3,unassigned,False,False,2024-09-16,other,347602.0,910.0,72706203648.0,80.0,8192.0,29568.0,64.0,8.0,128.0,rmsnorm,silu,rope,131072.0,131072.0,152064.0,hf_api.safetensors.total,,,,,0,False,False,131072.0,model_card_text,Qwen2Tokenizer,0,,True,True,True,True,0,False,,,,,2024-09-01,2024.0,False,72.706203648,128.0,10.861571468563978,5.11750992628768,5.541083515986708,8.0,0.875,1.0,0.0,3.609375,908.8275456,1136.034432,0.009765625,1.8027622599382621e-06,1802.762259938262,4780.912529594878,True,False,True,1.0,True,,,False,False,False,False,True,True,True,True,1.0,1.0,transformer,False,False,10B+,32k-131k,15.275952693823916,0.0,1.0,0.0,0.0,0.0,0.0,False,0.90234375,3.255938457723701,0.5178001325811583,1.0,0.0,0.0,0.985718719615611
Qwen/Qwen2.5-Coder-32B-Instruct,Qwen,Qwen2.5-Coder,32B-Instruct,tier3,unassigned,False,False,2024-11-06,apache-2.0,724763.0,1994.0,32763876352.0,64.0,5120.0,27648.0,40.0,8.0,128.0,rmsnorm,silu,rope,32768.0,131072.0,152064.0,hf_api.safetensors.total,,,,,0,False,False,131072.0,model_card_text,Qwen2Tokenizer,0,,True,True,True,True,0,False,,,,,2024-11-01,2024.0,False,32.763876352,32.0,10.515395278274339,4.515449934959718,5.860196613215062,5.0,0.8,1.0,0.0,5.4,511.935568,819.0969087999999,0.0125,1.0001258595886426e-06,1000.1258595886427,22120.795238435163,False,False,True,4.0,True,,,False,False,False,False,True,True,True,True,1.0,1.0,transformer,False,False,10B+,8k-32k,13.600525624178712,0.0,1.0,0.0,0.0,0.0,0.0,False,0.6499999999999999,3.0000546566853803,0.03626914592979835,0.0,0.0,0.0,1.3162458211785122
Qwen/Qwen3-14B,Qwen,Qwen3,14B,tier3,unassigned,False,False,2025-04-27,apache-2.0,713686.0,366.0,14768307200.0,40.0,5120.0,17408.0,40.0,8.0,128.0,rmsnorm,silu,rope,131072.0,,151936.0,safetensors_index.metadata.total_size,,,,,0,False,False,131072.0,model_card_text,Qwen2Tokenizer,1,GGUF,True,True,True,True,0,False,,,,,2025-04-01,2025.0,False,14.7683072,128.0,10.16933071766594,5.11750992628768,5.853507786038581,5.0,0.8,1.0,0.0,3.4,369.20768,369.20768,0.0078125,8.87522166386138e-06,8875.221663861379,48325.51153865488,True,False,False,,True,,,True,True,False,False,True,True,True,True,1.0,1.0,transformer,False,False,10B+,32k-131k,7.9500657030223385,0.0,1.0,0.0,0.0,0.0,0.0,False,0.85,3.948179208621741,0.6084469791729028,1.0,1.0,0.0,1.149529796409218
Qwen/Qwen3-235B-A22B,Qwen,Qwen3,235B-A22B,tier3,moe,False,False,2025-04-27,apache-2.0,480486.0,1075.0,235093634560.0,94.0,4096.0,12288.0,64.0,4.0,128.0,rmsnorm,silu,rope,131072.0,,151936.0,safetensors_index.metadata.total_size,,,,,0,False,False,131072.0,model_card_text,Qwen2Tokenizer,1,GGUF,True,True,True,True,0,False,,,,,2025-04-01,2025.0,False,235.09363456,128.0,11.37124087024407,5.11750992628768,5.681681641942878,16.0,0.9375,1.0,0.0,3.0,2500.9961123404255,3673.33804,0.02294921875,5.575310460672985e-07,557.5310460672985,2043.8069320731506,True,False,False,,True,,,True,True,False,False,True,True,True,True,1.0,1.0,transformer,False,True,10B+,32k-131k,7.9500657030223385,0.0,1.0,0.0,0.0,0.0,0.0,False,0.75,2.74626905604361,0.2272922830706237,1.0,1.0,0.0,0.6872290865355923
Qwen/Qwen3-32B,Qwen,Qwen3,32B,tier3,unassigned,False,False,2025-04-27,apache-2.0,1599995.0,655.0,32762123264.0,64.0,5120.0,25600.0,64.0,8.0,128.0,rmsnorm,silu,rope,131072.0,,151936.0,hf_api.safetensors.total,,,,,0,False,False,131072.0,model_card_text,Qwen2Tokenizer,1,GGUF,True,True,True,True,0,False,,,,,2025-04-01,2025.0,False,32.762123264,128.0,10.515372039973531,5.11750992628768,6.204118896918363,8.0,0.875,1.0,0.0,5.0,511.908176,511.908176,0.0125,4.000717503679801e-06,4000.7175036798003,48836.730974580096,True,False,False,,True,,,True,True,False,False,True,True,True,True,1.0,1.0,transformer,False,False,10B+,32k-131k,7.9500657030223385,0.0,1.0,0.0,0.0,0.0,0.0,False,0.75,3.6021378863141496,0.45268071489545325,1.0,1.0,0.0,1.4165105272452791
RWKV/v6-Finch-14B-HF,RWKV,v6-Finch,14B-HF,tier3,unassigned,False,False,2024-07-21,apache-2.0,6884.0,15.0,,61.0,4096.0,,64.0,,64.0,,,,,,65536.0,,,,,,0,False,False,,,Rwkv6Tokenizer,0,,True,True,True,False,0,False,,,,,2024-07-01,2024.0,False,,,,,3.8379039445929424,,,,,,,,0.014892578125,,,,False,False,False,,False,,,False,False,False,False,True,False,False,False,0.25,0.6153846153846154,rwkv,True,False,,,17.1484888304862,1.0,1.0,0.0,0.0,0.0,0.2,False,,,-0.2071281989876514,0.0,0.0,0.0,
Snowflake/snowflake-arctic-instruct,Snowflake,snowflake,arctic-instruct,tier3,unassigned,False,False,2024-04-21,apache-2.0,6147.0,360.0,478584608768.0,35.0,7168.0,4864.0,56.0,8.0,128.0,rmsnorm,silu,rope,4096.0,,32000.0,safetensors_index.metadata.total_size,,,,,0,False,False,,,ArcticTokenizer,1,FP8,True,True,True,True,0,False,,,,,2024-04-01,2024.0,False,478.584608768,4.0,11.679958727635944,3.612359947967774,3.7887338588277073,7.0,0.8571428571428572,1.0,0.0,0.6785714285714286,13673.845964799999,8546.153728,0.0048828125,8.558570261054066e-09,8.558570261054067,12.84412387565902,False,False,False,,False,,,True,False,False,False,True,True,True,True,1.0,0.9230769230769231,transformer,False,False,10B+,<=8k,20.13797634691196,0.0,1.0,0.0,0.0,0.0,0.0,False,0.1696428571428572,0.9324012203318305,-1.1998241418052675,0.0,1.0,0.0,-0.7547529948026774
ai21labs/AI21-Jamba-1.5-Large,ai21labs,AI21,Jamba-1.5-Large,tier3,unassigned,False,False,2024-08-19,other,2231.0,218.0,398555325612.0,,,,,,,,,,,,,repo_safetensors_file_sizes,,,,,0,False,False,220000.0,model_card_text,,3,BITSANDBYTES|INT8|INT4,True,False,True,False,3,True,,,,,2024-08-01,2024.0,False,398.555325612,,11.600488616673715,,3.348694190265541,,,,,,,,,,,5.597717196663217,False,False,False,,True,,,True,False,True,True,False,False,False,False,0.0,0.38461538461538464,transformer,False,False,10B+,,16.1957950065703,0.0,0.0,0.0,0.0,0.0,0.0,False,,,-0.3580401809311764,0.0,1.0,0.0,-1.3455841076662232
ai21labs/AI21-Jamba-1.5-Mini,ai21labs,AI21,Jamba-1.5-Mini,tier3,hybrid,False,False,2024-08-19,other,8021.0,267.0,51570323328.0,,,,,,,,,,,,,hf_api.safetensors.total,,,,,0,False,False,200000.0,model_card_text,,3,BITSANDBYTES|INT8|INT4,True,False,True,False,3,True,,,,,2024-08-01,2024.0,False,51.570323328,,10.712399854290679,,3.904282657645628,,,,,,,,,,,155.53518927900564,False,False,False,,True,,,True,False,True,True,False,False,False,False,0.0,0.38461538461538464,hybrid,False,False,10B+,,16.1957950065703,0.0,0.0,0.0,0.0,0.0,0.1,False,,,-0.3580401809311764,0.0,1.0,0.0,-0.5753646239226278
ai21labs/Jamba-v0.1,ai21labs,Jamba,v0.1,tier3,unassigned,False,False,2024-03-28,apache-2.0,915.0,1190.0,51573993344.0,32.0,4096.0,14336.0,32.0,8.0,128.0,rmsnorm,silu,,262144.0,,65536.0,safetensors_index.metadata.total_size,16.0,4.0,256.0,mamba_d_conv|mamba_d_state|mamba_dt_rank|mamba_expand,4,True,False,140000.0,model_card_text,LlamaTokenizer,2,BITSANDBYTES|INT8,True,True,True,True,0,False,,,,,2024-03-01,2024.0,True,51.573993344,256.0,10.712430759875192,5.418539921951662,2.9618954736678504,4.0,0.75,1.0,0.0,3.5,1611.687292,1611.687292,0.0078125,5.082871870159289e-06,5082.871870159289,17.741499943526264,True,False,False,,True,,,True,False,True,True,True,True,True,False,0.75,1.0,hybrid,True,False,10B+,>131k,20.92641261498029,0.0,1.0,1.0,0.0,1.0,0.7,True,0.875,3.7061091620764692,0.34667211973614864,1.0,1.0,1.0,-1.3137621845911798
allenai/OLMo-2-0325-32B-Instruct,allenai,OLMo-2-0325,32B-Instruct,tier3,unassigned,False,False,2025-03-12,apache-2.0,1533.0,148.0,32234279936.0,64.0,5120.0,27648.0,40.0,8.0,128.0,rmsnorm,silu,rope,4096.0,,100352.0,hf_api.safetensors.total,,,,,0,False,False,,,GPT2Tokenizer,0,,True,True,True,True,0,False,,,,,2025-03-01,2025.0,False,32.234279936,4.0,10.5083179731879,3.612359947967774,3.185825359612962,5.0,0.8,1.0,0.0,5.4,503.660624,805.8569984,0.0125,1.2706969127687853e-07,127.06969127687853,47.55806560728877,False,False,False,,False,,,False,False,False,False,True,True,True,True,1.0,0.9230769230769231,transformer,False,False,10B+,<=8k,9.461235216819974,0.0,1.0,0.0,0.0,0.0,0.0,False,0.6499999999999999,2.104041974779875,-0.274633073405474,0.0,0.0,0.0,-1.5349124633961386
allenai/Olmo-3-1125-32B,allenai,Olmo-3-1125,32B,tier3,unassigned,False,False,2025-11-04,apache-2.0,6884.0,109.0,32233522176.0,64.0,5120.0,27648.0,40.0,8.0,128.0,rmsnorm,silu,rope,65536.0,4096.0,100278.0,hf_api.safetensors.total,,,,,0,False,False,5500000000000.0,model_card_text,GPT2Tokenizer,1,BITSANDBYTES,True,True,True,True,0,False,,,,,2025-11-01,2025.0,False,32.233522176,64.0,10.508307763719735,4.816479930623699,3.8379039445929424,5.0,0.8,1.0,0.0,5.4,503.648784,805.8380544,0.0125,2.033162855804691e-06,2033.162855804691,213.56648406005087,False,False,True,0.0625,False,5500000000000.0,170.62981730538635,True,False,True,False,True,True,True,True,1.0,1.0,transformer,False,False,10B+,32k-131k,1.6754270696452036,0.0,1.0,0.0,0.0,0.0,0.0,False,0.6499999999999999,3.3081721669039634,0.14318104536775586,0.0,1.0,0.0,-1.2185766257439692
baichuan-inc/Baichuan-M1-14B-Base,baichuan-inc,Baichuan-M1,14B-Base,tier3,unassigned,False,False,2025-01-23,,178.0,31.0,14470764320.0,40.0,5120.0,17408.0,20.0,2.0,256.0,rmsnorm,silu,rope,32768.0,8192.0,133120.0,hf_api.safetensors.total,,,,conv_window,1,False,False,20000000000000.0,model_card_text,BaichuanTokenizer,0,,True,True,True,True,0,False,,,,,2025-01-01,2025.0,False,14.47076432,32.0,10.160491470385935,4.515449934959718,2.2528530309798933,10.0,0.9,1.0,0.0,3.4,361.769108,723.538216,0.0078125,2.264427729965268e-06,2264.427729965268,12.300663328058404,False,False,True,0.25,False,20000000000000.0,1382.0970031526297,False,False,False,False,False,True,True,True,0.75,0.9230769230769231,transformer,False,False,10B+,8k-32k,11.038107752956636,0.0,1.0,0.0,0.0,1.0,0.15,False,0.85,3.3549584645737824,0.36623199817761276,0.0,0.0,0.0,-2.31582394330757
deepseek-ai/DeepSeek-R1,deepseek-ai,DeepSeek,R1,tier3,reasoning,False,False,2025-01-20,mit,567566.0,13009.0,684531386000.0,61.0,7168.0,18432.0,128.0,128.0,56.0,rmsnorm,silu,rope,163840.0,,129280.0,hf_api.safetensors.total,,,,,0,False,False,32768.0,model_card_text,LlamaTokenizerFast,1,FP8,True,True,True,True,0,False,,,,,2025-01-01,2025.0,False,684.531386,160.0,11.835393365478215,5.214419939295737,5.754017136372225,1.0,0.0,0.0,1.0,2.5714285714285716,11221.826,5347.901453125,0.008510044642857142,2.3934622042297414e-07,239.34622042297414,829.1307186315048,True,False,False,,True,,,True,False,False,False,False,True,True,True,0.75,1.0,reasoning,False,False,10B+,>131k,11.136662286465176,0.0,1.0,0.0,0.0,0.0,0.0,False,0.6428571428571429,2.3790265738175225,-1.2550969194452954,1.0,1.0,0.0,0.7848041034452136
deepseek-ai/DeepSeek-R1-Distill-Llama-70B,deepseek-ai,DeepSeek-R1-Distill-Llama,70B,tier3,unassigned,False,False,2025-01-20,mit,261268.0,741.0,70553706496.0,80.0,8192.0,28672.0,64.0,8.0,128.0,rmsnorm,silu,rope,131072.0,,128256.0,hf_api.safetensors.total,,,,,0,False,False,32768.0,model_card_text,LlamaTokenizerFast,0,,True,True,True,True,0,False,,,,,2025-01-01,2025.0,False,70.553706496,128.0,10.848519834085783,5.11750992628768,5.417087883023848,8.0,0.875,1.0,0.0,3.5,881.9213312,1102.401664,0.009765625,1.8577620724636352e-06,1857.7620724636351,3703.108071505959,True,False,False,,True,,,False,False,False,False,True,True,True,True,1.0,1.0,reasoning,True,False,10B+,32k-131k,11.136662286465176,0.0,1.0,0.0,0.0,0.0,0.0,False,0.875,3.268990092201897,0.48907971547024603,1.0,0.0,0.0,0.6863799162983684
deepseek-ai/DeepSeek-R1-Distill-Qwen-14B,deepseek-ai,DeepSeek-R1-Distill-Qwen,14B,tier3,unassigned,False,False,2025-01-20,mit,443781.0,603.0,14770033664.0,48.0,5120.0,13824.0,40.0,8.0,128.0,rmsnorm,silu,rope,131072.0,131072.0,152064.0,hf_api.safetensors.total,,,,,0,False,False,32768.0,model_card_text,LlamaTokenizerFast,0,,True,True,True,True,0,False,,,,,2025-01-01,2025.0,False,14.770033664,128.0,10.169381485161155,5.11750992628768,5.647169683071274,5.0,0.8,1.0,0.0,2.7,307.7090346666667,369.2508416,0.009375,8.874184242346762e-06,8874.184242346762,30046.038492224794,True,False,True,1.0,True,,,False,False,False,False,True,True,True,True,1.0,1.0,reasoning,True,False,10B+,32k-131k,11.136662286465176,0.0,1.0,0.0,0.0,0.0,0.0,False,0.675,3.9481284411265247,0.39563494634184065,1.0,0.0,0.0,1.0805941322205266
deepseek-ai/DeepSeek-V2.5,deepseek-ai,DeepSeek,V2.5,tier3,unassigned,False,False,2024-09-05,other,74482.0,732.0,235741434880.0,60.0,5120.0,12288.0,128.0,128.0,40.0,rmsnorm,silu,rope,163840.0,,102400.0,safetensors_index.metadata.total_size,,,,,0,False,False,,,LlamaTokenizerFast,0,,True,True,True,True,0,False,,,,,2024-09-01,2024.0,False,235.74143488,160.0,11.3724359226101,5.214419939295737,4.872057160685515,1.0,0.0,0.0,1.0,2.4,3929.0239146666663,1841.72996,0.01171875,6.949987391202562e-07,694.9987391202562,315.94785209445143,True,False,False,,False,,,False,False,False,False,False,True,True,True,0.75,0.9230769230769231,transformer,False,False,10B+,>131k,15.637319316688567,0.0,1.0,0.0,0.0,0.0,0.0,False,0.6,2.8419840166856365,-1.1465709325714846,1.0,0.0,0.0,0.20881106338373723
deepseek-ai/DeepSeek-V3,deepseek-ai,DeepSeek,V3,tier3,moe,False,False,2024-12-25,,1295783.0,4024.0,684531386000.0,61.0,7168.0,18432.0,128.0,128.0,56.0,rmsnorm,silu,rope,163840.0,,129280.0,safetensors_index.metadata.total_size,,,,,0,False,False,14800000000000.0,model_card_text,LlamaTokenizerFast,3,FP8|INT8|INT4,True,True,True,True,0,False,,,,,2024-12-01,2024.0,False,684.531386,160.0,11.835393365478215,5.214419939295737,6.112532613088386,1.0,0.0,0.0,1.0,2.5714285714285716,11221.826,5347.901453125,0.008510044642857142,2.3934622042297414e-07,239.34622042297414,1892.948996205705,True,False,False,,False,14800000000000.0,21.62063026281749,True,False,False,True,False,True,True,True,0.75,0.9230769230769231,transformer,False,True,10B+,>131k,11.990801576872535,0.0,1.0,0.0,0.0,0.0,0.0,False,0.6428571428571429,2.3790265738175225,-1.2550969194452954,1.0,1.0,0.0,1.1801523885279304
google/gemma-2-27b-it,google,gemma-2,27b-it,tier3,unassigned,False,False,2024-06-24,gemma,391765.0,559.0,27227128320.0,46.0,4608.0,36864.0,32.0,16.0,128.0,rmsnorm,gelu_pytorch_tanh,rope,8192.0,4096.0,256000.0,hf_api.safetensors.total,,,,,0,False,False,13000000000000.0,model_card_text,GemmaTokenizer,3,BITSANDBYTES|INT8|INT4,True,True,True,True,0,False,,,,,2024-06-01,2024.0,False,27.22712832,8.0,10.43500183816167,3.9133899436317554,5.593026742396054,2.0,0.5,1.0,0.0,8.0,591.8940939130435,850.84776,0.009982638888888888,3.0087638709890947e-07,300.87638709890945,14388.774144507357,False,False,True,0.5,False,13000000000000.0,477.464969761453,True,False,True,True,True,True,False,True,0.75,1.0,transformer,False,False,10B+,<=8k,18.035479632063073,0.0,1.0,0.0,0.0,0.0,0.0,False,0.0,2.4783881054700863,-1.4296377676220984,0.0,1.0,0.0,1.2597525051685476
google/gemma-2-9b-it,google,gemma-2,9b-it,tier3,unassigned,False,False,2024-06-24,gemma,144618.0,768.0,9241705984.0,42.0,3584.0,14336.0,16.0,8.0,256.0,rmsnorm,gelu_pytorch_tanh,rope,8192.0,4096.0,256000.0,hf_api.safetensors.total,,,,,0,False,False,13000000000000.0,model_card_text,GemmaTokenizer,3,BITSANDBYTES|INT8|INT4,True,True,True,True,0,False,,,,,2024-06-01,2024.0,False,9.241705984,8.0,9.965752147740625,3.9133899436317554,5.160225354183176,2.0,0.5,1.0,0.0,4.0,220.04061866666666,577.606624,0.01171875,8.86416427246513e-07,886.4164272465131,15648.409530705107,False,False,True,0.5,False,13000000000000.0,1406.6666936284996,True,False,True,True,False,True,False,True,0.5,1.0,transformer,False,False,3-10B,<=8k,18.035479632063073,0.0,1.0,0.0,0.0,0.0,0.0,False,1.0,2.9476377958911306,-0.20175943491762266,0.0,1.0,0.0,0.9403581796833604
google/gemma-3-12b-it,google,gemma-3,12b-it,tier3,unassigned,False,False,2025-03-01,gemma,1235297.0,658.0,12187325040.0,,,,,,,,,,,,,safetensors_index.metadata.total_size,,,,,0,False,False,14000000000000.0,model_card_text,GemmaTokenizer,0,,True,True,True,True,0,False,,,,,2025-03-01,2025.0,False,12.18732504,,10.085908394063889,,6.091771738279015,,,,,,,,,,,101359.15764498229,False,False,False,,False,14000000000000.0,1148.7344395961068,False,False,False,False,False,False,False,False,0.0,0.46153846153846156,transformer,False,False,10B+,,9.822601839684625,0.0,0.0,0.0,0.0,0.0,0.0,False,,,-0.3580401809311764,0.0,0.0,0.0,1.4887038911592212
google/gemma-3-27b-it,google,gemma-3,27b-it,tier3,unassigned,False,False,2025-03-01,gemma,1764084.0,1875.0,27432406640.0,,,,,,,,,,,,,safetensors_index.metadata.total_size,,,,,0,False,False,14000000000000.0,model_card_text,GemmaTokenizer,0,,True,True,True,True,0,False,,,,,2025-03-01,2025.0,False,27.43240664,,10.438263909851099,,6.246519507179927,,,,,,,,,,,64306.570806942516,False,False,False,,False,14000000000000.0,510.3453074214126,False,False,False,False,False,False,False,False,0.0,0.46153846153846156,transformer,False,False,10B+,,9.822601839684625,0.0,0.0,0.0,0.0,0.0,0.0,False,,,-0.3580401809311764,0.0,0.0,0.0,1.5582952819163909
ibm-granite/granite-4.0-h-small,ibm-granite,granite-4.0,h-small,tier3,unassigned,False,False,2025-09-16,apache-2.0,59123.0,295.0,32207337984.0,40.0,4096.0,768.0,32.0,8.0,128.0,rmsnorm,silu,nope,131072.0,,100352.0,safetensors_index.metadata.total_size,128.0,4.0,,mamba_chunk_size|mamba_d_conv|mamba_d_head|mamba_d_state|mamba_expand|mamba_n_groups|mamba_n_heads,7,True,False,,,GPT2Tokenizer,0,,True,True,True,True,0,False,,,,,2025-09-01,2025.0,True,32.207337984,128.0,10.507954830791892,5.11750992628768,4.771763808322534,4.0,0.75,1.0,0.0,0.1875,805.1834496,1006.479312,0.009765625,4.069631587221338e-06,4069.631587221338,1835.6996790411924,True,False,False,,False,,,False,False,False,False,True,True,True,False,0.75,0.9230769230769231,hybrid,True,False,10B+,32k-131k,3.2851511169513796,1.0,1.0,1.0,0.0,1.0,0.9,True,0.046875,3.609555095495789,-0.6938041951271087,1.0,0.0,1.0,-0.2152157887825661
inclusionAI/LLaDA2.0-mini,inclusionAI,LLaDA2.0,mini,tier3,unassigned,False,False,2025-11-25,apache-2.0,34462.0,57.0,16255643392.0,20.0,2048.0,5120.0,16.0,4.0,128.0,rmsnorm,silu,rope,32768.0,4096.0,157184.0,safetensors_index.metadata.total_size,,,,,0,False,False,20000000000000.0,model_card_text,PreTrainedTokenizerFast,0,,True,True,True,True,0,False,,,,,2025-11-01,2025.0,False,16.255643392,32.0,10.211004163377856,4.515449934959718,4.53735308003993,4.0,0.75,1.0,0.0,2.5,812.7821696,1015.977712,0.009765625,2.0157922519465663e-06,2015.7922519465665,2120.0022151667044,False,False,True,0.125,False,20000000000000.0,1230.3419506509804,False,False,False,False,True,True,True,True,1.0,1.0,diffusion,True,False,10B+,8k-32k,0.9855453350854139,0.0,1.0,0.0,0.0,0.0,0.0,False,0.625,3.304445771581862,0.05422123761242298,0.0,0.0,0.0,-0.4770254939957974
meta-llama/Llama-3.3-70B-Instruct,meta-llama,Llama-3.3,70B-Instruct,tier3,unassigned,False,False,2024-11-26,llama3.3,776659.0,2657.0,70553748936.0,,,,,,,,,,,,,repo_safetensors_file_sizes,,,,,0,False,False,15000000000000.0,model_card_text,,3,BITSANDBYTES|INT8|INT4,True,False,True,False,3,True,,,,,2024-11-01,2024.0,False,70.553748936,,10.848520095325812,,5.890230938440727,,,,,,,,,,,11008.047222331374,False,False,False,,False,15000000000000.0,212.603869053176,True,False,True,True,False,False,False,False,0.0,0.38461538461538464,transformer,False,False,10B+,,12.943495400788436,0.0,0.0,0.0,0.0,0.0,0.0,False,,,-0.3580401809311764,0.0,1.0,0.0,1.2374384647394487
meta-llama/Llama-4-Maverick-17B-128E-Instruct,meta-llama,Llama-4-Maverick,17B-128E-Instruct,tier3,unassigned,False,False,2025-04-01,other,17506.0,462.0,401583851660.0,,,,,,,,,,,,,repo_safetensors_file_sizes,,,,,0,False,False,40000000000000.0,model_card_text,,2,FP8|INT4,True,False,True,False,3,True,,,,,2025-04-01,2025.0,False,401.58385166,,11.603776240800418,,4.2432117317447595,,,,,,,,,,,43.59239030064738,False,False,False,,False,40000000000000.0,99.60559876761654,True,False,False,False,False,False,False,False,0.0,0.38461538461538464,transformer,False,False,10B+,,8.804204993429698,0.0,0.0,0.0,0.0,0.0,0.0,False,,,-0.3580401809311764,0.0,1.0,0.0,-0.7706065677796765
meta-llama/Llama-4-Scout-17B-16E-Instruct,meta-llama,Llama-4-Scout,17B-16E-Instruct,tier3,moe,False,False,2025-04-02,other,196630.0,1220.0,108641869360.0,,,,,,,,,,,,,repo_safetensors_file_sizes,,,,,0,False,False,40000000000000.0,model_card_text,,2,FP8|INT4,True,False,True,False,3,True,,,,,2025-04-01,2025.0,False,108.64186936,,11.035997229743385,,5.293651987899034,,,,,,,,,,,1809.8915377499538,False,False,False,,False,40000000000000.0,368.18217723642454,True,False,False,False,False,False,False,False,0.0,0.38461538461538464,transformer,False,True,10B+,,8.771353482260183,0.0,0.0,0.0,0.0,0.0,0.0,False,,,-0.3580401809311764,0.0,1.0,0.0,0.4156364183563781
microsoft/Phi-4,microsoft,Phi-4,,tier3,unassigned,False,False,2024-12-11,mit,577314.0,2220.0,14659507200.0,40.0,5120.0,17920.0,40.0,10.0,128.0,rmsnorm,silu,rope,16384.0,,100352.0,safetensors_index.metadata.total_size,,,,,0,False,False,9800000000000.0,model_card_text,GPT2Tokenizer,0,,True,True,True,True,0,False,,,,,2024-12-01,2024.0,False,14.6595072,16.0,10.16611937112926,4.214419939295737,5.761412841636164,4.0,0.75,1.0,0.0,3.5,366.48768,366.48768,0.0078125,1.1176364782576048e-06,1117.6364782576047,39381.54210258855,False,False,False,,False,9800000000000.0,668.5081473952959,False,False,False,False,True,True,True,True,1.0,1.0,transformer,False,False,10B+,8k-32k,12.450722733245728,0.0,1.0,0.0,0.0,0.0,0.0,False,0.875,3.048300568166476,0.26933493079796034,0.0,0.0,0.0,1.2522915291709422
microsoft/Phi-4-reasoning,microsoft,Phi-4,reasoning,tier3,unassigned,False,False,2025-04-09,mit,5708.0,215.0,14659507200.0,40.0,5120.0,17920.0,40.0,10.0,128.0,rmsnorm,silu,rope,32768.0,,100352.0,hf_api.safetensors.total,,,,,0,False,False,16000000000.0,model_card_text,GPT2Tokenizer,0,,True,True,True,True,0,False,,,,,2025-04-01,2025.0,False,14.6595072,32.0,10.16611937112926,4.515449934959718,3.756560043006683,4.0,0.75,1.0,0.0,3.5,366.48768,366.48768,0.0078125,2.2352729565152096e-06,2235.2729565152094,389.3718882992192,False,False,False,,False,16000000000.0,1.0914418732984421,False,False,False,False,True,True,True,True,1.0,1.0,reasoning,True,False,10B+,8k-32k,8.541392904073588,0.0,1.0,0.0,0.0,0.0,0.0,False,0.875,3.349330563830457,0.37378757486030123,0.0,0.0,0.0,-0.9211422000593155
microsoft/phi-4-reasoning-plus,microsoft,phi-4,reasoning-plus,tier3,unassigned,False,False,2025-04-17,mit,225153.0,334.0,14659507200.0,40.0,5120.0,17920.0,40.0,10.0,128.0,rmsnorm,silu,rope,32768.0,,100352.0,safetensors_index.metadata.total_size,,,,,0,False,False,16000000000.0,model_card_text,GPT2Tokenizer,0,,True,True,True,True,0,False,,,,,2025-04-01,2025.0,False,14.6595072,32.0,10.16611937112926,4.515449934959718,5.352479666877439,4.0,0.75,1.0,0.0,3.5,366.48768,366.48768,0.0078125,2.2352729565152096e-06,2235.2729565152094,15358.838256172758,False,False,False,,False,16000000000.0,1.0914418732984421,False,False,False,False,True,True,True,True,1.0,1.0,reasoning,True,False,10B+,8k-32k,8.278580814717477,0.0,1.0,0.0,0.0,0.0,0.0,False,0.875,3.349330563830457,0.37378757486030123,0.0,0.0,0.0,0.6634442520063466
mistralai/Mistral-Large-Instruct-2411,mistralai,Mistral,Large-Instruct-2411,tier3,unassigned,False,False,2024-11-14,other,10588.0,251.0,122610069504.0,88.0,12288.0,28672.0,96.0,8.0,128.0,rmsnorm,silu,rope,131072.0,,32768.0,hf_api.safetensors.total,,,,,0,False,False,80.0,model_card_text,LlamaTokenizer,0,,True,True,True,True,0,False,,,,,2024-11-01,2024.0,False,122.610069504,128.0,11.088526138619944,5.11750992628768,4.024854948305018,12.0,0.9166666666666666,1.0,0.0,2.3333333333333335,1393.2962443636363,1277.188224,0.007161458333333333,1.0690149718553413e-06,1069.0149718553414,86.35506074527248,True,False,False,,True,,,False,False,False,False,True,True,True,True,1.0,1.0,transformer,False,False,10B+,32k-131k,13.337713534822601,0.0,1.0,0.0,0.0,0.0,0.0,False,0.5833333333333334,3.0289837876677357,0.09886696844812048,1.0,0.0,0.0,-0.6689418132159801
mistralai/Mistral-Small-24B-Instruct-2501,mistralai,Mistral-Small,24B-Instruct-2501,tier3,unassigned,False,False,2025-01-28,apache-2.0,763185.0,952.0,23572403200.0,40.0,5120.0,32768.0,32.0,8.0,128.0,rmsnorm,silu,rope,32768.0,,131072.0,safetensors_index.metadata.total_size,,,,,0,False,False,,,LlamaTokenizer,2,INT8|INT4,True,True,True,True,0,False,,,,,2025-01-01,2025.0,False,23.5724032,32.0,10.37240386098401,4.515449934959718,5.882630395005114,4.0,0.75,1.0,0.0,6.4,589.31008,736.6376,0.0078125,1.3901000980672178e-06,1390.100098067218,32376.20676707244,False,False,False,,False,,,True,False,False,True,True,True,True,True,1.0,0.9230769230769231,transformer,False,False,10B+,8k-32k,10.873850197109066,0.0,1.0,0.0,0.0,0.0,0.0,False,0.3999999999999999,3.1430460739757073,-0.27537472522760986,0.0,1.0,0.0,1.2556557448056473
mistralai/Mistral-Small-3.1-24B-Instruct-2503,mistralai,Mistral-Small-3.1,24B-Instruct-2503,tier3,unassigned,False,False,2025-03-11,apache-2.0,93917.0,1349.0,24011361280.0,,,,,,,,,,,,,safetensors_index.metadata.total_size,,,,,0,False,False,128000.0,model_card_text,LlamaTokenizerFast,0,,True,True,True,True,0,False,,,,,2025-03-01,2025.0,False,24.01136128,,10.3804167822825,,4.972748835626153,,,,,,,,,,,3911.3567491996855,False,False,False,,True,,,False,False,False,False,False,False,False,False,0.0,0.46153846153846156,transformer,False,False,10B+,,9.494086727989487,0.0,0.0,0.0,0.0,0.0,0.0,False,,,-0.3580401809311764,0.0,0.0,0.0,0.2843384911636493
mistralai/Mixtral-8x22B-Instruct-v0.1,mistralai,Mixtral,8x22B-Instruct-v0.1,tier3,unassigned,False,False,2024-04-16,apache-2.0,10736.0,746.0,140630071296.0,56.0,6144.0,16384.0,48.0,8.0,128.0,rmsnorm,silu,rope,65536.0,,32768.0,hf_api.safetensors.total,,,,,0,False,False,,,LlamaTokenizer,2,INT8|INT4,True,True,True,True,0,False,,,,,2024-04-01,2024.0,False,140.630071296,64.0,11.148078196939222,4.816479930623699,4.030882953109667,6.0,0.8333333333333334,1.0,0.0,2.6666666666666665,2511.251273142857,2929.793152,0.009114583333333334,4.6601697201773424e-07,466.0169720177342,76.3421357968505,False,False,False,,False,,,True,False,False,True,True,True,True,True,1.0,0.9230769230769231,transformer,False,False,10B+,32k-131k,20.302233902759525,0.0,1.0,0.0,0.0,0.0,0.0,False,0.6666666666666666,2.6684017336844774,-0.020364630875123968,0.0,1.0,0.0,-0.3769771444286709
mistralai/Mixtral-8x7B-Instruct-v0.1,mistralai,Mixtral,8x7B-Instruct-v0.1,tier3,moe,False,False,2023-12-10,apache-2.0,567179.0,4639.0,46702792704.0,32.0,4096.0,14336.0,32.0,8.0,128.0,rmsnorm,silu,rope,32768.0,,32000.0,hf_api.safetensors.total,,,,,0,False,False,,,LlamaTokenizer,3,BITSANDBYTES|INT8|INT4,True,True,True,True,0,False,,,,,2023-12-01,2023.0,False,46.702792704,32.0,10.669342851008794,4.515449934959718,5.753720908277305,4.0,0.75,1.0,0.0,3.5,1459.462272,1459.462272,0.0078125,7.016282775139802e-07,701.6282775139803,12144.434350955255,False,False,False,,False,,,True,False,True,True,True,True,True,True,1.0,0.9230769230769231,transformer,False,True,10B+,8k-32k,24.50722733245729,0.0,1.0,0.0,0.0,0.0,0.0,False,0.875,2.8461070839509235,0.19917699191247457,0.0,1.0,0.0,1.642891091264663
nvidia/Llama-3.1-Nemotron-70B-Instruct-HF,nvidia,Llama-3.1-Nemotron,70B-Instruct-HF,tier3,unassigned,False,False,2024-10-12,llama3.1,16993.0,2061.0,70553706496.0,80.0,8192.0,28672.0,64.0,8.0,128.0,rmsnorm,silu,rope,131072.0,,128256.0,safetensors_index.metadata.total_size,,,,,0,False,False,128000.0,model_card_text,PreTrainedTokenizerFast,0,,True,True,True,True,0,False,,,,,2024-10-01,2024.0,False,70.553706496,128.0,10.848519834085783,5.11750992628768,4.230295613917047,8.0,0.875,1.0,0.0,3.5,881.9213312,1102.401664,0.009765625,1.8577620724636352e-06,1857.7620724636351,240.85198133372919,True,False,False,,True,,,False,False,False,False,True,True,True,True,1.0,1.0,transformer,False,False,10B+,32k-131k,14.421813403416557,0.0,1.0,0.0,0.0,0.0,0.0,False,0.875,3.268990092201897,0.48907971547024603,1.0,0.0,0.0,-0.3587477052447561
nvidia/Llama-3_1-Nemotron-51B-Instruct,nvidia,Llama-3_1-Nemotron,51B-Instruct,tier3,unassigned,False,False,2024-09-22,other,3469.0,208.0,51501015040.0,80.0,8192.0,,64.0,,128.0,rmsnorm,silu,rope,131072.0,,128256.0,safetensors_index.metadata.total_size,,,,,0,False,False,40000000000.0,model_card_text,PreTrainedTokenizerFast,1,FP8,True,True,True,True,0,False,,,,,2024-09-01,2024.0,False,51.50101504,128.0,10.711815788690254,5.11750992628768,3.5403294747908736,,,,,,643.762688,804.70336,0.009765625,2.545037217192681e-06,2545.037217192681,67.35789570954445,True,False,False,,False,40000000000.0,0.7766837210671023,True,False,False,False,True,True,True,True,1.0,0.8461538461538461,transformer,False,False,10B+,32k-131k,15.078843626806833,0.0,1.0,0.0,0.0,0.0,0.0,False,,3.405694137597427,0.1523225947034218,1.0,1.0,0.0,-0.9873426314713902
openai/gpt-oss-20b,openai,gpt-oss,20b,tier3,unassigned,False,False,2025-08-04,apache-2.0,5532100.0,4371.0,21511953984.0,24.0,2880.0,2880.0,64.0,8.0,64.0,rmsnorm,silu,rope,131072.0,128.0,201088.0,hf_api.safetensors.total,,,,,0,False,False,,,PreTrainedTokenizerFast,1,INT8,True,True,True,True,0,False,,,,,2025-08-01,2025.0,False,21.511953984,128.0,10.33267986022137,5.11750992628768,6.742890100457927,8.0,0.875,1.0,0.0,1.0,896.331416,336.124281,0.008333333333333333,6.0929843982321526e-06,6092.984398232153,257163.9937550361,True,False,True,0.0009765625,False,,,True,False,False,True,True,True,True,True,1.0,0.9230769230769231,transformer,False,False,10B+,32k-131k,4.697766097240473,0.0,1.0,0.0,0.0,0.0,0.0,False,0.25,3.784830066066311,-0.09191203968646772,1.0,1.0,0.0,1.85918630755023
tiiuae/Falcon-H1-34B-Base,tiiuae,Falcon-H1,34B-Base,tier3,unassigned,False,False,2025-05-01,other,1453.0,13.0,33642516224.0,72.0,5120.0,21504.0,20.0,4.0,128.0,rmsnorm,silu,rope,262144.0,,261120.0,hf_api.safetensors.total,256.0,4.0,,mamba_chunk_size|mamba_d_conv|mamba_d_head|mamba_d_ssm|mamba_d_state|mamba_expand|mamba_n_groups|mamba_n_heads|ssm_in_multiplier|ssm_multipliers|ssm_out_multiplier,11,True,True,,,PreTrainedTokenizer,1,GGUF,True,True,True,True,0,False,,,,,2025-05-01,2025.0,True,33.642516224,256.0,10.526888470518598,5.418539921951662,3.162564406523019,5.0,0.8,1.0,0.0,4.2,467.2571697777778,1682.1258112,0.0140625,7.792044990172016e-06,7792.044990172018,43.18939731872536,True,False,False,,False,,,True,True,False,False,True,True,True,True,1.0,0.9230769230769231,hybrid,True,False,10B+,>131k,7.818659658344283,1.0,1.0,1.0,0.0,1.0,0.9,True,0.95,3.8916514514330642,0.7104295519926831,1.0,1.0,1.0,-1.633493810475867
tiiuae/Falcon-H1-34B-Instruct,tiiuae,Falcon-H1,34B-Instruct,tier3,unassigned,False,False,2025-05-01,other,1439.0,51.0,33642516224.0,72.0,5120.0,21504.0,20.0,4.0,128.0,rmsnorm,silu,rope,262144.0,,261120.0,hf_api.safetensors.total,256.0,4.0,,mamba_chunk_size|mamba_d_conv|mamba_d_head|mamba_d_ssm|mamba_d_state|mamba_expand|mamba_n_groups|mamba_n_heads|ssm_in_multiplier|ssm_multipliers|ssm_out_multiplier,11,True,True,,,PreTrainedTokenizer,1,GGUF,True,True,True,True,0,False,,,,,2025-05-01,2025.0,True,33.642516224,256.0,10.526888470518598,5.418539921951662,3.1583624920952498,5.0,0.8,1.0,0.0,4.2,467.2571697777778,1682.1258112,0.0140625,7.792044990172016e-06,7792.044990172018,42.77325722067845,True,False,False,,False,,,True,True,False,False,True,True,True,True,1.0,0.9230769230769231,hybrid,True,False,10B+,>131k,7.818659658344283,1.0,1.0,1.0,0.0,1.0,0.9,True,0.95,3.8916514514330642,0.7104295519926831,1.0,1.0,1.0,-1.6376957249036361
tiiuae/Falcon3-10B-Instruct,tiiuae,Falcon3,10B-Instruct,tier3,unassigned,False,False,2024-12-14,other,7373.0,117.0,10305653760.0,40.0,3072.0,23040.0,12.0,4.0,256.0,rmsnorm,silu,rope,32768.0,,131072.0,safetensors_index.metadata.total_size,,,,,0,False,False,1200000.0,model_card_text,PreTrainedTokenizerFast,0,,True,True,True,True,0,False,,,,,2024-12-01,2024.0,False,10.30565376,32.0,10.013075547338389,4.515449934959718,3.8677031332700977,3.0,0.6666666666666667,1.0,0.0,7.5,257.641344,858.80448,0.013020833333333334,3.1796139054452377e-06,3179.613905445238,715.4325355483319,False,False,False,,True,,,False,False,False,False,False,True,True,True,0.75,1.0,transformer,False,False,10B+,8k-32k,12.352168199737187,0.0,1.0,0.0,0.0,0.0,0.0,False,0.125,3.5023743876213285,-0.731442705142025,0.0,0.0,0.0,-0.6086808794633605
TinyLlama/TinyLlama-1.1B-Chat-v1.0,TinyLlama,TinyLlama,1.1B-Chat-v1.0,unassigned,unassigned,False,True,2023-12-30,apache-2.0,1789018.0,1526.0,1100048384.0,22.0,2048.0,5632.0,32.0,4.0,64.0,rmsnorm,silu,rope,2048.0,,32000.0,hf_api.safetensors.total,,,,,0,False,False,3000000000000.0,model_card_text,LlamaTokenizer,0,,True,True,True,False,0,False,,,,,2023-12-01,2023.0,False,1.100048384,2.0,9.041411787378312,3.3113299523037933,6.25261495294934,8.0,0.875,1.0,0.0,2.75,50.002199272727275,34.376512,0.0107421875,1.8617362925011124e-06,1861.7362925011125,1626308.4660828884,False,False,False,,False,3000000000000.0,2727.1527722184264,False,False,False,False,True,True,True,True,1.0,1.0,transformer,False,False,1-3B,<=8k,23.850197109067015,0.0,1.0,0.0,0.0,0.0,0.0,False,0.6875,3.269918164925482,0.2614077234662072,0.0,0.0,0.0,2.5068864143055816
