model_id,org,family,variant,tier,registry_paradigm,is_quick_test,is_phase_transition,release_date,license,downloads,likes,num_params,num_layers,hidden_size,ffn_size,num_heads,num_kv_heads,head_dim,norm_type,activation,positional_scheme,max_context,sliding_window,vocab_size,num_params_source,ssm_state_size,ssm_conv_kernel,ssm_dt_rank,detected_numeric_keys,detected_numeric_count,has_mamba_key,has_ssm_key,pretrain_tokens,pretrain_tokens_source,tokenizer_type,quant_format_count,quant_formats,hf_api,has_config_json,has_model_card,has_safetensors_index,error_count,has_errors,release_month,release_year,has_ssm_signals,param_b,context_k,log10_params,log10_context,log10_downloads,gqa_ratio,kv_compression,is_gqa,is_mha,ffn_expansion,params_per_layer_m,params_per_head_m,depth_width_ratio,context_per_param,context_per_param_b,downloads_per_param_b,is_long_context_128k,is_extreme_context,has_sliding_window,sliding_window_ratio,pretrain_tokens_suspect,pretrain_tokens_clean,tokens_per_param,has_quant,has_gguf,has_bitsandbytes,has_int8,canonical_head_dim,canonical_norm,canonical_activation,canonical_position,convergence_score,metadata_completeness,inferred_paradigm,taxonomy_gap,explicit_label_disagreement,size_bucket,context_bucket
HuggingFaceTB/SmolLM3-3B,HuggingFaceTB,SmolLM3,3B,tier1,unassigned,False,False,2025-07-08,apache-2.0,80791.0,897.0,3075098624.0,36.0,2048.0,11008.0,16.0,4.0,128.0,rmsnorm,silu,rope,131072.0,,128256.0,safetensors_index.metadata.total_size,,,,,0,False,False,11200000000000.0,model_card_text,PreTrainedTokenizerFast,0,,True,True,True,True,0,False,2025-07-01,2025.0,False,3.075098624,128.0,9.4878590489479,5.11750992628768,4.907368359192106,4.0,0.75,1.0,0.0,5.375,85.41940622222222,192.193664,0.017578125,4.262367358790766e-05,42623.673587907666,26272.65329620856,True,False,False,,False,11200000000000.0,3642.1596083417194,False,False,False,False,True,True,True,True,1.0,1.0,transformer,False,False,3-10B,32k-131k
LiquidAI/LFM2-1.2B-Exp,LiquidAI,LFM2,1.2B-Exp,tier1,liquid,True,False,,,,,,,,,,,,,,,,,,,,,,,0,False,False,,,,0,,False,False,False,False,1,True,,,False,,,,,,,,,,,,,,,,,False,False,False,,False,,,False,False,False,False,False,False,False,False,0.0,0.0,liquid,False,False,,
LiquidAI/LFM2-2.6B-Exp,LiquidAI,LFM2,2.6B-Exp,tier1,liquid,False,False,2025-12-25,other,23315.0,330.0,2569272320.0,30.0,2048.0,10752.0,32.0,8.0,64.0,,,rope,128000.0,,65536.0,hf_api.safetensors.total,,,,conv_dim|conv_dim_out|conv_l_cache,3,False,False,10000000000000.0,model_card_text,PreTrainedTokenizerFast,1,GGUF,True,True,True,True,0,False,2025-12-01,2025.0,False,2.56927232,125.0,9.409810138055938,5.107209969647869,4.367654046647408,4.0,0.75,1.0,0.0,5.25,85.64241066666668,80.28976,0.0146484375,4.9819553576944306e-05,49819.55357694431,9074.553840987941,True,False,False,,False,10000000000000.0,3892.152623198774,True,True,False,False,True,False,False,True,0.5,1.0,liquid,False,False,1-3B,32k-131k
LiquidAI/LFM2-350M-Exp,LiquidAI,LFM2,350M-Exp,tier1,liquid,False,False,,,,,,,,,,,,,,,,,,,,,,,0,False,False,,,,0,,False,False,False,False,1,True,,,False,,,,,,,,,,,,,,,,,False,False,False,,False,,,False,False,False,False,False,False,False,False,0.0,0.0,liquid,False,False,,
Qwen/Qwen3-0.6B,Qwen,Qwen3,0.6B,tier1,transformer,True,True,2025-04-27,apache-2.0,10082918.0,1081.0,751632384.0,28.0,1024.0,3072.0,16.0,8.0,128.0,rmsnorm,silu,rope,131072.0,,151936.0,hf_api.safetensors.total,,,,,0,False,False,38912.0,model_card_text,Qwen2Tokenizer,0,,True,True,True,False,0,False,2025-04-01,2025.0,False,0.751632384,128.0,8.87600548336239,5.11750992628768,7.003586278347096,2.0,0.5,1.0,0.0,3.0,26.844013714285712,46.977024,0.02734375,0.0001743831197140117,174383.1197140117,13414693.425449854,True,False,False,,True,,,False,False,False,False,True,True,True,True,1.0,1.0,transformer,False,False,sub-1B,32k-131k
Qwen/Qwen3-1.7B,Qwen,Qwen3,1.7B,tier1,transformer,False,False,2025-04-27,apache-2.0,4176824.0,422.0,2031739904.0,28.0,2048.0,6144.0,16.0,8.0,128.0,rmsnorm,silu,rope,131072.0,,151936.0,safetensors_index.metadata.total_size,,,,,0,False,False,38912.0,model_card_text,Qwen2Tokenizer,0,,True,True,True,True,0,False,2025-04-01,2025.0,False,2.031739904,128.0,9.307868110360154,5.11750992628768,6.620846279639921,2.0,0.5,1.0,0.0,3.0,72.56213942857143,126.983744,0.013671875,6.451219456877882e-05,64512.19456877882,2055786.7627528764,True,False,False,,True,,,False,False,False,False,True,True,True,True,1.0,1.0,transformer,False,False,1-3B,32k-131k
RWKV/RWKV7-Goose-World3-1.5B-HF,RWKV,RWKV7-Goose-World3,1.5B-HF,tier1,rwkv,True,False,2025-03-17,apache-2.0,209.0,4.0,1527404544.0,24.0,2048.0,8192.0,,,64.0,,sqrelu,,2048.0,,65536.0,hf_api.safetensors.total,,,,,0,False,False,3119000000000.0,model_card_text,RwkvTokenizer,0,,True,True,True,False,0,False,2025-03-01,2025.0,False,1.527404544,2.0,9.183954078286476,3.3113299523037933,2.322219294733919,,,,,4.0,63.641856,,0.01171875,1.3408366552561468e-06,1340.8366552561467,136.8334281975267,False,False,False,,False,3119000000000.0,2042.0261365937117,False,False,False,False,True,False,False,False,0.25,0.8461538461538461,rwkv,False,False,1-3B,<=8k
Zyphra/Zamba2-1.2B,Zyphra,Zamba2,1.2B,tier1,hybrid,False,False,2024-08-16,apache-2.0,789.0,75.0,1215064704.0,38.0,2048.0,8192.0,32.0,32.0,128.0,rmsnorm,gelu,rope,4096.0,,32000.0,hf_api.safetensors.total,128.0,4.0,,mamba_d_conv|mamba_d_state|mamba_expand|mamba_headdim|mamba_ngroups|n_mamba_heads,6,True,False,3000000000000.0,model_card_text,LlamaTokenizer,0,,True,True,True,False,0,False,2024-08-01,2024.0,True,1.215064704,4.0,9.084599405376261,3.612359947967774,2.8976270912904414,1.0,0.0,0.0,1.0,4.0,31.97538694736842,37.970772,0.0185546875,3.371013894581864e-06,3371.0138945818644,649.3481354553444,False,False,False,,False,3000000000000.0,2469.0043173207014,False,False,False,False,True,True,False,True,0.75,1.0,hybrid,False,False,1-3B,<=8k
deepseek-ai/DeepSeek-R1-Distill-Qwen-1.5B,deepseek-ai,DeepSeek-R1-Distill-Qwen,1.5B,tier1,reasoning,True,True,2025-01-20,mit,1252044.0,1446.0,1777107310.0,28.0,1536.0,8960.0,12.0,2.0,128.0,rmsnorm,silu,rope,131072.0,4096.0,151936.0,repo_safetensors_file_sizes,,,,,0,False,False,32768.0,model_card_text,LlamaTokenizerFast,0,,True,True,True,False,0,False,2025-01-01,2025.0,False,1.77710731,128.0,9.24971365331669,5.11750992628768,6.09761993821984,6.0,0.8333333333333334,1.0,0.0,5.833333333333333,63.46811821428572,148.09227583333333,0.018229166666666668,7.375581613020319e-05,73755.81613020318,704540.4590677194,True,False,True,0.03125,True,,,False,False,False,False,True,True,True,True,1.0,1.0,reasoning,False,False,1-3B,32k-131k
google/gemma-3-1b-it,google,gemma-3,1b-it,tier1,transformer,False,False,2025-03-10,gemma,1438910.0,840.0,999905604.0,26.0,1152.0,6912.0,4.0,1.0,256.0,rmsnorm,,rope,32768.0,512.0,262144.0,repo_safetensors_file_sizes,,,,,0,False,False,14000000000000.0,model_card_text,GemmaTokenizer,1,BITSANDBYTES,True,True,True,False,0,False,2025-03-01,2025.0,False,0.999905604,32.0,8.99995900240305,4.515449934959718,6.158033932641102,4.0,0.75,1.0,0.0,6.0,38.457907846153844,249.976401,0.022569444444444444,3.2771093460138265e-05,32771.09346013826,1439045.840171129,False,False,True,0.015625,False,14000000000000.0,14001.321668760243,True,False,True,False,False,True,False,True,0.5,1.0,transformer,False,False,sub-1B,8k-32k
ibm-granite/granite-4.0-1b,ibm-granite,granite-4.0,1b,tier1,transformer,False,False,2025-10-07,apache-2.0,10358.0,43.0,1631769232.0,40.0,2048.0,4096.0,16.0,4.0,128.0,rmsnorm,silu,rope,131072.0,,100352.0,repo_safetensors_file_sizes,256.0,4.0,,mamba_chunk_size|mamba_d_conv|mamba_d_head|mamba_d_state|mamba_expand|mamba_n_groups|mamba_n_heads,7,True,False,,,GPT2Tokenizer,0,,True,True,True,False,0,False,2025-10-01,2025.0,True,1.631769232,128.0,9.21265873998438,5.11750992628768,4.015317833069116,4.0,0.75,1.0,0.0,2.0,40.794230799999994,101.985577,0.01953125,8.032508361451933e-05,80325.08361451935,6347.711304315119,True,False,False,,False,,,False,False,False,False,True,True,True,True,1.0,0.9230769230769231,hybrid,False,True,1-3B,32k-131k
ibm-granite/granite-4.0-350m,ibm-granite,granite-4.0,350m,tier1,unassigned,False,False,2025-10-07,apache-2.0,9406.0,56.0,352393112.0,28.0,1024.0,2048.0,16.0,4.0,64.0,rmsnorm,silu,rope,32768.0,,100352.0,repo_safetensors_file_sizes,256.0,4.0,,mamba_chunk_size|mamba_d_conv|mamba_d_head|mamba_d_state|mamba_expand|mamba_n_groups|mamba_n_heads,7,True,False,,,GPT2Tokenizer,0,,True,True,True,False,0,False,2025-10-01,2025.0,True,0.352393112,32.0,8.547027410949923,4.515449934959718,3.9734511440249345,4.0,0.75,1.0,0.0,2.0,12.585468285714285,22.0245695,0.02734375,9.298706156322374e-05,92987.06156322375,26691.781648671953,False,False,False,,False,,,False,False,False,False,True,True,True,True,1.0,0.9230769230769231,hybrid,True,False,sub-1B,8k-32k
ibm-granite/granite-4.0-h-1b,ibm-granite,granite-4.0-h,1b,tier1,hybrid,False,False,2025-10-07,apache-2.0,7353.0,136.0,1461564272.0,40.0,1536.0,4096.0,12.0,4.0,128.0,rmsnorm,silu,nope,131072.0,,100352.0,repo_safetensors_file_sizes,128.0,4.0,,mamba_chunk_size|mamba_d_conv|mamba_d_head|mamba_d_state|mamba_expand|mamba_n_groups|mamba_n_heads,7,True,False,,,GPT2Tokenizer,0,,True,True,True,False,0,False,2025-10-01,2025.0,True,1.461564272,128.0,9.164817918127392,5.11750992628768,3.8665236255328437,3.0,0.6666666666666667,1.0,0.0,2.6666666666666665,36.5391068,121.79702266666668,0.026041666666666668,8.967925838843986e-05,89679.25838843986,5030.911155168139,True,False,False,,False,,,False,False,False,False,True,True,True,False,0.75,0.9230769230769231,hybrid,False,False,1-3B,32k-131k
ibm-granite/granite-4.0-h-350m,ibm-granite,granite-4.0-h,350m,tier1,unassigned,False,False,2025-10-07,apache-2.0,4054.0,91.0,340352432.0,32.0,768.0,2048.0,12.0,4.0,64.0,rmsnorm,silu,nope,32768.0,,100352.0,repo_safetensors_file_sizes,128.0,4.0,,mamba_chunk_size|mamba_d_conv|mamba_d_head|mamba_d_state|mamba_expand|mamba_n_groups|mamba_n_heads,7,True,False,,,GPT2Tokenizer,0,,True,True,True,False,0,False,2025-10-01,2025.0,True,0.340352432,32.0,8.531928858217851,4.515449934959718,3.6079908585471747,3.0,0.6666666666666667,1.0,0.0,2.6666666666666665,10.6360135,28.362702666666667,0.041666666666666664,9.627667358639589e-05,96276.67358639589,11911.18270017239,False,False,False,,False,,,False,False,False,False,True,True,True,False,0.75,0.9230769230769231,hybrid,True,False,sub-1B,8k-32k
state-spaces/mamba-1.4b-hf,state-spaces,mamba,1.4b-hf,tier1,ssm,False,False,2024-03-05,,2028.0,15.0,1372178432.0,48.0,2048.0,4096.0,,,,,silu,implicit_recurrence,,,50280.0,hf_api.safetensors.total,16.0,4.0,128.0,conv_kernel|state_size,2,False,False,,,GPTNeoXTokenizer,0,,True,True,True,True,0,False,2024-03-01,2024.0,True,1.372178432,,9.13741058877191,,3.307282047033346,,,,,2.0,28.587050666666666,,0.0234375,,,1477.9419007804374,False,False,False,,False,,,False,False,False,False,False,False,True,False,0.25,0.6153846153846154,ssm,False,False,1-3B,
state-spaces/mamba-370m-hf,state-spaces,mamba,370m-hf,tier1,ssm,True,False,2024-03-06,,4239.0,16.0,371516416.0,48.0,1024.0,2048.0,,,,,silu,implicit_recurrence,,,50280.0,hf_api.safetensors.total,16.0,4.0,64.0,conv_kernel|state_size,2,False,False,,,GPTNeoXTokenizer,0,,True,True,True,False,0,False,2024-03-01,2024.0,True,0.371516416,,8.569978008461874,,3.6273658565927325,,,,,2.0,7.739925333333333,,0.046875,,,11409.993791499108,False,False,False,,False,,,False,False,False,False,False,False,True,False,0.25,0.6153846153846154,ssm,False,False,sub-1B,
state-spaces/mamba-790m-hf,state-spaces,mamba,790m-hf,tier1,ssm,False,False,2024-03-06,,1234.0,4.0,793204224.0,48.0,1536.0,3072.0,,,,,silu,implicit_recurrence,,,50280.0,hf_api.safetensors.total,16.0,4.0,96.0,conv_kernel|state_size,2,False,False,,,GPTNeoXTokenizer,0,,True,True,True,False,0,False,2024-03-01,2024.0,True,0.793204224,,8.899385018260203,,3.0916669575956846,,,,,2.0,16.525088,,0.03125,,,1555.7153664375846,False,False,False,,False,,,False,False,False,False,False,False,True,False,0.25,0.6153846153846154,ssm,False,False,sub-1B,
tiiuae/Falcon-H1-0.5B-Instruct,tiiuae,Falcon-H1,0.5B-Instruct,tier1,hybrid,True,False,2025-05-01,other,991.0,32.0,521411104.0,36.0,1024.0,2048.0,8.0,2.0,64.0,rmsnorm,silu,rope,16384.0,,32784.0,hf_api.safetensors.total,128.0,4.0,,mamba_chunk_size|mamba_d_conv|mamba_d_head|mamba_d_ssm|mamba_d_state|mamba_expand|mamba_n_groups|mamba_n_heads|ssm_in_multiplier|ssm_multipliers|ssm_out_multiplier,11,True,True,,,PreTrainedTokenizer,1,GGUF,True,True,True,False,0,False,2025-05-01,2025.0,True,0.521411104,16.0,8.71718027569034,4.214419939295737,2.9965116721541785,4.0,0.75,1.0,0.0,2.0,14.483641777777779,65.176388,0.03515625,3.142242248834041e-05,31422.42248834041,1900.6116141324062,False,False,False,,False,,,True,True,False,False,True,True,True,True,1.0,0.9230769230769231,hybrid,False,False,sub-1B,8k-32k
tiiuae/Falcon-H1-1.5B-Instruct,tiiuae,Falcon-H1,1.5B-Instruct,tier1,hybrid,False,False,2025-05-01,other,683.0,17.0,1554863488.0,24.0,2048.0,4608.0,8.0,2.0,128.0,rmsnorm,silu,rope,131072.0,,65537.0,hf_api.safetensors.total,256.0,4.0,,mamba_chunk_size|mamba_d_conv|mamba_d_head|mamba_d_ssm|mamba_d_state|mamba_expand|mamba_n_groups|mamba_n_heads|ssm_in_multiplier|ssm_multipliers|ssm_out_multiplier,11,True,True,,,PreTrainedTokenizer,1,GGUF,True,True,True,False,0,False,2025-05-01,2025.0,True,1.554863488,128.0,9.191692265381624,5.11750992628768,2.835056101720116,4.0,0.75,1.0,0.0,2.25,64.78597866666667,194.357936,0.01171875,8.429807569061652e-05,84298.0756906165,439.2668586478506,True,False,False,,False,,,True,True,False,False,True,True,True,True,1.0,0.9230769230769231,hybrid,False,False,1-3B,32k-131k
ML-GSAI/LLaDA-8B-Base,ML-GSAI,LLaDA,8B-Base,tier2,unassigned,False,False,,,,,,,,,,,,,,,,,,,,,,,0,False,False,,,,0,,False,False,False,False,1,True,,,False,,,,,,,,,,,,,,,,,False,False,False,,False,,,False,False,False,False,False,False,False,False,0.0,0.0,diffusion,True,False,,
NX-AI/xLSTM-7b,NX-AI,xLSTM,7b,tier2,xlstm,False,False,2024-12-11,other,652.0,113.0,6865424896.0,,,,8.0,,512.0,,,implicit_recurrence,,,50304.0,hf_api.safetensors.total,,,,mlstm_round_up_to_multiple_of,1,False,False,2300000000000.0,model_card_text,GPTNeoXTokenizer,0,,True,True,True,True,0,False,2024-12-01,2024.0,False,6.865424896,,9.83666742056445,,2.814913181275074,,,,,,,858.178112,,,,94.96863047469567,False,False,False,,False,2300000000000.0,335.0120400180983,False,False,False,False,False,False,False,False,0.0,0.6153846153846154,xlstm,False,False,3-10B,
Qwen/Qwen3-4B,Qwen,Qwen3,4B,tier2,unassigned,False,False,2025-04-27,apache-2.0,5129131.0,552.0,4022468096.0,36.0,2560.0,9728.0,32.0,8.0,128.0,rmsnorm,silu,rope,131072.0,,151936.0,hf_api.safetensors.total,,,,,0,False,False,131072.0,model_card_text,Qwen2Tokenizer,1,GGUF,True,True,True,True,0,False,2025-04-01,2025.0,False,4.022468096,128.0,9.604492608200253,5.11750992628768,6.7100438759294585,4.0,0.75,1.0,0.0,3.8,111.7352248888889,125.702128,0.0140625,3.2584969444590466e-05,32584.969444590468,1275120.368288435,True,False,False,,True,,,True,True,False,False,True,True,True,True,1.0,1.0,transformer,False,False,3-10B,32k-131k
Qwen/Qwen3-8B,Qwen,Qwen3,8B,tier2,unassigned,False,False,2025-04-27,apache-2.0,4685993.0,936.0,8190735360.0,36.0,4096.0,12288.0,32.0,8.0,128.0,rmsnorm,silu,rope,131072.0,,151936.0,hf_api.safetensors.total,,,,,0,False,False,131072.0,model_card_text,Qwen2Tokenizer,1,GGUF,True,True,True,True,0,False,2025-04-01,2025.0,False,8.19073536,128.0,9.913322894245605,5.11750992628768,6.670801728185707,4.0,0.75,1.0,0.0,3.0,227.52042666666665,255.96048,0.0087890625,1.6002470381365122e-05,16002.470381365123,572108.9492018456,True,False,False,,True,,,True,True,False,False,True,True,True,True,1.0,1.0,transformer,False,False,3-10B,32k-131k
RWKV-Red-Team/ARWKV-R1-7B,RWKV-Red-Team,ARWKV-R1,7B,tier2,unassigned,False,False,2025-02-07,apache-2.0,16.0,13.0,8265367040.0,28.0,3584.0,18944.0,28.0,4.0,128.0,rmsnorm,silu,rope,32768.0,,152064.0,hf_api.safetensors.total,,,,,0,False,False,2000.0,model_card_text,LlamaTokenizerFast,1,GGUF,True,True,True,True,0,False,2025-02-01,2025.0,False,8.26536704,32.0,9.917262144042647,4.515449934959718,1.2304489213782739,7.0,0.8571428571428572,1.0,0.0,5.285714285714286,295.19168,295.19168,0.0078125,3.964494237390818e-06,3964.494237390818,1.9357882018509853,False,False,False,,True,,,True,True,False,False,True,True,True,True,1.0,1.0,rwkv,True,False,3-10B,8k-32k
Zyphra/Zamba2-2.7B,Zyphra,Zamba2,2.7B,tier2,hybrid,False,False,2024-07-09,apache-2.0,559.0,78.0,2662214560.0,54.0,2560.0,10240.0,32.0,32.0,160.0,rmsnorm,gelu,rope,4096.0,,32000.0,hf_api.safetensors.total,64.0,4.0,,hybrid_layer_ids|mamba_d_conv|mamba_d_state|mamba_expand|mamba_headdim|mamba_ngroups|n_mamba_heads,7,True,False,3000000000000.0,model_card_text,LlamaTokenizer,0,,True,True,True,True,0,False,2024-07-01,2024.0,True,2.66221456,4.0,9.42524305432008,3.612359947967774,2.7481880270062002,1.0,0.0,0.0,1.0,4.0,49.300269629629625,83.194205,0.02109375,1.5385687019907215e-06,1538.5687019907218,209.97556260078454,False,False,False,,False,3000000000000.0,1126.8813735283604,False,False,False,False,False,True,False,True,0.5,1.0,hybrid,False,False,1-3B,<=8k
Zyphra/Zamba2-7B,Zyphra,Zamba2,7B,tier2,unassigned,False,False,2024-09-27,apache-2.0,34.0,114.0,7356749648.0,,,,,,,,,,,,,hf_api.safetensors.total,,,,,0,False,False,2000000000000.0,model_card_text,,0,,True,False,True,False,3,True,2024-09-01,2024.0,False,7.356749648,,9.866685977145924,,1.5440680443502757,,,,,,,,,,,4.621606229218798,False,False,False,,False,2000000000000.0,271.85918995404694,False,False,False,False,False,False,False,False,0.0,0.38461538461538464,ssm,True,False,3-10B,
allenai/Olmo-3-7B,allenai,Olmo-3,7B,tier2,unassigned,False,False,,,,,,,,,,,,,,,,,,,,,,,0,False,False,,,,0,,False,False,False,False,1,True,,,False,,,,,,,,,,,,,,,,,False,False,False,,False,,,False,False,False,False,False,False,False,False,0.0,0.0,transformer,False,False,,
deepseek-ai/DeepSeek-R1-Distill-Qwen-7B,deepseek-ai,DeepSeek-R1-Distill-Qwen,7B,tier2,unassigned,False,False,2025-01-20,mit,707158.0,787.0,7615616512.0,28.0,3584.0,18944.0,28.0,4.0,128.0,rmsnorm,silu,rope,131072.0,4096.0,152064.0,hf_api.safetensors.total,,,,,0,False,False,32768.0,model_card_text,LlamaTokenizerFast,0,,True,True,True,True,0,False,2025-01-01,2025.0,False,7.615616512,128.0,9.88170506682134,5.11750992628768,5.849517073003415,7.0,0.8571428571428572,1.0,0.0,5.285714285714286,271.986304,271.986304,0.0078125,1.7210950655599396e-05,17210.950655599398,92856.30373926055,True,False,True,0.03125,True,,,False,False,False,False,True,True,True,True,1.0,1.0,reasoning,True,False,3-10B,32k-131k
google/gemma-3-4b-it,google,gemma-3,4b-it,tier2,unassigned,False,False,2025-02-20,gemma,1169176.0,1185.0,4300079472.0,,,,,,,,,,,,,safetensors_index.metadata.total_size,,,,,0,False,False,14000000000000.0,model_card_text,GemmaTokenizer,0,,True,True,True,True,0,False,2025-02-01,2025.0,False,4.300079472,,9.63347648207543,,6.067880263346934,,,,,,,,,,,271896.3701980622,False,False,False,,False,14000000000000.0,3255.753781101281,False,False,False,False,False,False,False,False,0.0,0.46153846153846156,transformer,False,False,3-10B,
ibm-granite/granite-4.0-h-tiny,ibm-granite,granite-4.0,h-tiny,tier2,unassigned,False,False,2025-09-16,apache-2.0,22970.0,189.0,6939037248.0,40.0,1536.0,512.0,12.0,4.0,128.0,rmsnorm,silu,nope,131072.0,,100352.0,safetensors_index.metadata.total_size,128.0,4.0,,mamba_chunk_size|mamba_d_conv|mamba_d_head|mamba_d_state|mamba_expand|mamba_n_groups|mamba_n_heads,7,True,False,,,GPT2Tokenizer,0,,True,True,True,True,0,False,2025-09-01,2025.0,True,6.939037248,128.0,9.841299218742256,5.11750992628768,4.361179901813601,3.0,0.6666666666666667,1.0,0.0,0.3333333333333333,173.4759312,578.253104,0.026041666666666668,1.888907571980222e-05,18889.07571980222,3310.2574866016917,True,False,False,,False,,,False,False,False,False,True,True,True,False,0.75,0.9230769230769231,hybrid,True,False,3-10B,32k-131k
ibm-granite/granite-4.0-micro,ibm-granite,granite-4.0,micro,tier2,unassigned,False,False,2025-09-16,apache-2.0,57865.0,257.0,3402836480.0,40.0,2560.0,8192.0,40.0,8.0,64.0,rmsnorm,silu,rope,131072.0,,100352.0,safetensors_index.metadata.total_size,256.0,4.0,,mamba_chunk_size|mamba_d_conv|mamba_d_head|mamba_d_state|mamba_expand|mamba_n_groups|mamba_n_heads,7,True,False,,,GPT2Tokenizer,0,,True,True,True,True,0,False,2025-09-01,2025.0,True,3.40283648,128.0,9.53184107999797,5.11750992628768,4.76242346269934,5.0,0.8,1.0,0.0,3.2,85.070912,85.070912,0.015625,3.8518453875279957e-05,38518.453875279956,17004.931133217426,True,False,False,,False,,,False,False,False,False,True,True,True,True,1.0,0.9230769230769231,hybrid,True,False,3-10B,32k-131k
ibm-granite/granite-4.0-tiny-preview,ibm-granite,granite-4.0,tiny-preview,tier2,unassigned,False,False,2025-04-30,apache-2.0,25834.0,182.0,6671539776.0,40.0,1536.0,512.0,12.0,4.0,128.0,rmsnorm,silu,nope,131072.0,,49160.0,safetensors_index.metadata.total_size,128.0,4.0,,mamba_chunk_size|mamba_d_conv|mamba_d_head|mamba_d_state|mamba_expand|mamba_n_groups|mamba_n_heads,7,True,False,,,GPT2Tokenizer,0,,True,True,True,True,0,False,2025-04-01,2025.0,True,6.671539776,128.0,9.824226079650455,5.11750992628768,4.4122084658816805,3.0,0.6666666666666667,1.0,0.0,0.3333333333333333,166.78849440000002,555.961648,0.026041666666666668,1.964643911312866e-05,19646.439113128657,3872.2695011029487,True,False,False,,False,,,False,False,False,False,True,True,True,False,0.75,0.9230769230769231,hybrid,True,False,3-10B,32k-131k
microsoft/Phi-4-mini-instruct,microsoft,Phi-4,mini-instruct,tier2,unassigned,False,False,2025-02-19,mit,206123.0,685.0,3836021760.0,32.0,3072.0,8192.0,24.0,8.0,128.0,rmsnorm,silu,rope,6261309.0,262144.0,200064.0,hf_api.safetensors.total,,,,,0,False,False,5000000000000.0,model_card_text,GPT2Tokenizer,0,,True,True,True,True,0,False,2025-02-01,2025.0,False,3.83602176,6114.5595703125,9.58388106205992,6.796665137051926,5.314128561700311,3.0,0.6666666666666667,1.0,0.0,2.6666666666666665,119.87568,159.83424,0.010416666666666666,0.0016322402196175237,1632240.2196175237,53733.53252302719,True,True,True,0.041867283662250177,False,5000000000000.0,1303.433690636833,False,False,False,False,True,True,True,True,1.0,1.0,transformer,False,False,3-10B,>131k
microsoft/Phi-4-mini-reasoning,microsoft,Phi-4,mini-reasoning,tier2,reasoning,False,False,2025-04-29,mit,10187.0,216.0,3836021760.0,32.0,3072.0,8192.0,24.0,8.0,128.0,rmsnorm,silu,rope,6261309.0,262144.0,200064.0,hf_api.safetensors.total,,,,,0,False,False,150000000000.0,model_card_text,GPT2Tokenizer,0,,True,True,True,True,0,False,2025-04-01,2025.0,False,3.83602176,6114.5595703125,9.58388106205992,6.796665137051926,4.0080889362915775,3.0,0.6666666666666667,1.0,0.0,2.6666666666666665,119.87568,159.83424,0.010416666666666666,0.0016322402196175237,1632240.2196175237,2655.6158013034837,True,True,True,0.041867283662250177,False,150000000000.0,39.103010719104994,False,False,False,False,True,True,True,True,1.0,1.0,reasoning,False,False,3-10B,>131k
nvidia/Nemotron-H-4B-Instruct-128K,nvidia,Nemotron-H,4B-Instruct-128K,tier2,unassigned,False,False,2025-04-15,other,27804.0,8.0,4489223040.0,52.0,3072.0,12288.0,32.0,8.0,128.0,rmsnorm,,,131072.0,,131072.0,hf_api.safetensors.total,128.0,4.0,192.0,conv_kernel|mamba_head_dim|mamba_num_heads|ssm_state_size,4,True,True,,,PreTrainedTokenizerFast,0,,True,True,True,True,0,False,2025-04-01,2025.0,True,4.48922304,128.0,9.652171183177307,5.11750992628768,4.444122899412919,4.0,0.75,1.0,0.0,4.0,86.3312123076923,140.28822,0.016927083333333332,2.91970345051067e-05,29197.0345051067,6193.499354400534,True,False,False,,False,,,False,False,False,False,True,True,False,False,0.5,0.9230769230769231,hybrid,True,False,3-10B,32k-131k
tiiuae/Falcon-H1-3B-Instruct,tiiuae,Falcon-H1,3B-Instruct,tier2,unassigned,False,False,2025-05-01,other,2626.0,14.0,3149392384.0,32.0,2560.0,6144.0,10.0,2.0,128.0,rmsnorm,silu,rope,131072.0,,65537.0,hf_api.safetensors.total,256.0,4.0,,mamba_chunk_size|mamba_d_conv|mamba_d_head|mamba_d_ssm|mamba_d_state|mamba_expand|mamba_n_groups|mamba_n_heads|ssm_in_multiplier|ssm_multipliers|ssm_out_multiplier,11,True,True,,,PreTrainedTokenizer,1,GGUF,True,True,True,True,0,False,2025-05-01,2025.0,True,3.149392384,128.0,9.498226772922923,5.11750992628768,3.4194600727860704,5.0,0.8,1.0,0.0,2.4,98.418512,314.93923839999997,0.0125,4.161818662732881e-05,41618.18662732881,833.8116308850514,True,False,False,,False,,,True,True,False,False,True,True,True,True,1.0,0.9230769230769231,hybrid,True,False,3-10B,32k-131k
tiiuae/Falcon-H1-7B-Instruct,tiiuae,Falcon-H1,7B-Instruct,tier2,unassigned,False,False,2025-05-01,other,3130.0,30.0,7585654880.0,44.0,3072.0,12288.0,12.0,2.0,128.0,rmsnorm,silu,rope,262144.0,,130049.0,hf_api.safetensors.total,256.0,4.0,,mamba_chunk_size|mamba_d_conv|mamba_d_head|mamba_d_ssm|mamba_d_state|mamba_expand|mamba_n_groups|mamba_n_heads|ssm_in_multiplier|ssm_multipliers|ssm_out_multiplier,11,True,True,,,PreTrainedTokenizer,1,GGUF,True,True,True,True,0,False,2025-05-01,2025.0,True,7.58565488,256.0,9.879993079980121,5.418539921951662,3.4956830676169153,6.0,0.8333333333333334,1.0,0.0,4.0,172.4012472727273,632.1379066666666,0.014322916666666666,3.455786008550919e-05,34557.86008550919,412.6209337907553,True,False,False,,False,,,True,True,False,False,True,True,True,True,1.0,0.9230769230769231,hybrid,True,False,3-10B,>131k
tiiuae/falcon-mamba-7b,tiiuae,falcon-mamba,7b,tier2,ssm,False,False,2024-07-17,other,7035.0,242.0,7272665088.0,64.0,4096.0,8192.0,,,,,silu,,,,65024.0,safetensors_index.metadata.total_size,16.0,4.0,256.0,conv_kernel|state_size,2,False,False,256.0,model_card_text,PreTrainedTokenizerFast,2,BITSANDBYTES|INT4,True,True,True,True,0,False,2024-07-01,2024.0,True,7.272665088,,9.861693588426306,,3.8473258307854237,,,,,2.0,113.635392,,0.015625,,,967.3207709795201,False,False,False,,True,,,True,False,True,False,False,False,True,False,0.25,0.7692307692307693,ssm,False,False,3-10B,
Qwen/Qwen3-14B,Qwen,Qwen3,14B,tier3,unassigned,False,False,2025-04-27,apache-2.0,716821.0,366.0,14768307200.0,40.0,5120.0,17408.0,40.0,8.0,128.0,rmsnorm,silu,rope,131072.0,,151936.0,safetensors_index.metadata.total_size,,,,,0,False,False,131072.0,model_card_text,Qwen2Tokenizer,1,GGUF,True,True,True,True,0,False,2025-04-01,2025.0,False,14.7683072,128.0,10.16933071766594,5.11750992628768,5.855411325800249,5.0,0.8,1.0,0.0,3.4,369.20768,369.20768,0.0078125,8.87522166386138e-06,8875.221663861379,48537.79043816206,True,False,False,,True,,,True,True,False,False,True,True,True,True,1.0,1.0,transformer,False,False,10B+,32k-131k
Qwen/Qwen3-32B,Qwen,Qwen3,32B,tier3,unassigned,False,False,2025-04-27,apache-2.0,1560791.0,654.0,32762123264.0,64.0,5120.0,25600.0,64.0,8.0,128.0,rmsnorm,silu,rope,131072.0,,151936.0,hf_api.safetensors.total,,,,,0,False,False,131072.0,model_card_text,Qwen2Tokenizer,1,GGUF,True,True,True,True,0,False,2025-04-01,2025.0,False,32.762123264,128.0,10.515372039973531,5.11750992628768,6.193345030371111,8.0,0.875,1.0,0.0,5.0,511.908176,511.908176,0.0125,4.000717503679801e-06,4000.7175036798003,47640.10523442001,True,False,False,,True,,,True,True,False,False,True,True,True,True,1.0,1.0,transformer,False,False,10B+,32k-131k
allenai/Olmo-3-1125-32B,allenai,Olmo-3-1125,32B,tier3,unassigned,False,False,2025-11-04,apache-2.0,6946.0,109.0,32233522176.0,64.0,5120.0,27648.0,40.0,8.0,128.0,rmsnorm,silu,rope,65536.0,4096.0,100278.0,hf_api.safetensors.total,,,,,0,False,False,5500000000000.0,model_card_text,GPT2Tokenizer,1,BITSANDBYTES,True,True,True,True,0,False,2025-11-01,2025.0,False,32.233522176,64.0,10.508307763719735,4.816479930623699,3.841797298874355,5.0,0.8,1.0,0.0,5.4,503.648784,805.8380544,0.0125,2.033162855804691e-06,2033.162855804691,215.48994745512977,False,False,True,0.0625,False,5500000000000.0,170.62981730538635,True,False,True,False,True,True,True,True,1.0,1.0,transformer,False,False,10B+,32k-131k
deepseek-ai/DeepSeek-R1-Distill-Qwen-14B,deepseek-ai,DeepSeek-R1-Distill-Qwen,14B,tier3,unassigned,False,False,2025-01-20,mit,419777.0,603.0,14770033664.0,48.0,5120.0,13824.0,40.0,8.0,128.0,rmsnorm,silu,rope,131072.0,131072.0,152064.0,hf_api.safetensors.total,,,,,0,False,False,32768.0,model_card_text,LlamaTokenizerFast,0,,True,True,True,True,0,False,2025-01-01,2025.0,False,14.770033664,128.0,10.169381485161155,5.11750992628768,5.623019674053513,5.0,0.8,1.0,0.0,2.7,307.7090346666667,369.2508416,0.009375,8.874184242346762e-06,8874.184242346762,28420.856008145114,True,False,True,1.0,True,,,False,False,False,False,True,True,True,True,1.0,1.0,reasoning,True,False,10B+,32k-131k
google/gemma-3-12b-it,google,gemma-3,12b-it,tier3,unassigned,False,False,2025-03-01,gemma,1228958.0,658.0,12187325040.0,,,,,,,,,,,,,safetensors_index.metadata.total_size,,,,,0,False,False,14000000000000.0,model_card_text,GemmaTokenizer,0,,True,True,True,True,0,False,2025-03-01,2025.0,False,12.18732504,,10.085908394063889,,6.089537394382976,,,,,,,,,,,100839.02710122516,False,False,False,,False,14000000000000.0,1148.7344395961068,False,False,False,False,False,False,False,False,0.0,0.46153846153846156,transformer,False,False,10B+,
google/gemma-3-27b-it,google,gemma-3,27b-it,tier3,unassigned,False,False,2025-03-01,gemma,1739533.0,1875.0,27432406640.0,,,,,,,,,,,,,safetensors_index.metadata.total_size,,,,,0,False,False,14000000000000.0,model_card_text,GemmaTokenizer,0,,True,True,True,True,0,False,2025-03-01,2025.0,False,27.43240664,,10.438263909851099,,6.240432921653932,,,,,,,,,,,63411.60740390658,False,False,False,,False,14000000000000.0,510.3453074214126,False,False,False,False,False,False,False,False,0.0,0.46153846153846156,transformer,False,False,10B+,
ibm-granite/granite-4.0-h-small,ibm-granite,granite-4.0,h-small,tier3,unassigned,False,False,2025-09-16,apache-2.0,59268.0,295.0,32207337984.0,40.0,4096.0,768.0,32.0,8.0,128.0,rmsnorm,silu,nope,131072.0,,100352.0,safetensors_index.metadata.total_size,128.0,4.0,,mamba_chunk_size|mamba_d_conv|mamba_d_head|mamba_d_state|mamba_expand|mamba_n_groups|mamba_n_heads,7,True,False,,,GPT2Tokenizer,0,,True,True,True,True,0,False,2025-09-01,2025.0,True,32.207337984,128.0,10.507954830791892,5.11750992628768,4.772827599785911,4.0,0.75,1.0,0.0,0.1875,805.1834496,1006.479312,0.009765625,4.069631587221338e-06,4069.631587221338,1840.201758662676,True,False,False,,False,,,False,False,False,False,True,True,True,False,0.75,0.9230769230769231,hybrid,True,False,10B+,32k-131k
inclusionAI/LLaDA2.0-mini,inclusionAI,LLaDA2.0,mini,tier3,unassigned,False,False,2025-11-25,apache-2.0,34822.0,57.0,16255643392.0,20.0,2048.0,5120.0,16.0,4.0,128.0,rmsnorm,silu,rope,32768.0,4096.0,157184.0,safetensors_index.metadata.total_size,,,,,0,False,False,20000000000000.0,model_card_text,PreTrainedTokenizerFast,0,,True,True,True,True,0,False,2025-11-01,2025.0,False,16.255643392,32.0,10.211004163377856,4.515449934959718,4.541866182844564,4.0,0.75,1.0,0.0,2.5,812.7821696,1015.977712,0.009765625,2.0157922519465663e-06,2015.7922519465665,2142.148370278422,False,False,True,0.125,False,20000000000000.0,1230.3419506509804,False,False,False,False,True,True,True,True,1.0,1.0,diffusion,True,False,10B+,8k-32k
microsoft/Phi-4-reasoning,microsoft,Phi-4,reasoning,tier3,unassigned,False,False,2025-04-09,mit,5606.0,215.0,14659507200.0,40.0,5120.0,17920.0,40.0,10.0,128.0,rmsnorm,silu,rope,32768.0,,100352.0,hf_api.safetensors.total,,,,,0,False,False,16000000000.0,model_card_text,GPT2Tokenizer,0,,True,True,True,True,0,False,2025-04-01,2025.0,False,14.6595072,32.0,10.16611937112926,4.515449934959718,3.7487305560984945,4.0,0.75,1.0,0.0,3.5,366.48768,366.48768,0.0078125,2.2352729565152096e-06,2235.2729565152094,382.41394635694166,False,False,False,,False,16000000000.0,1.0914418732984421,False,False,False,False,True,True,True,True,1.0,1.0,reasoning,True,False,10B+,8k-32k
openai/gpt-oss-20b,openai,gpt-oss,20b,tier3,unassigned,False,False,2025-08-04,apache-2.0,5509274.0,4371.0,21511953984.0,24.0,2880.0,2880.0,64.0,8.0,64.0,rmsnorm,silu,rope,131072.0,128.0,201088.0,hf_api.safetensors.total,,,,,0,False,False,,,PreTrainedTokenizerFast,1,INT8,True,True,True,True,0,False,2025-08-01,2025.0,False,21.511953984,128.0,10.33267986022137,5.11750992628768,6.741094451081204,8.0,0.875,1.0,0.0,1.0,896.331416,336.124281,0.008333333333333333,6.0929843982321526e-06,6092.984398232153,256102.90929859958,True,False,True,0.0009765625,False,,,True,False,False,True,True,True,True,True,1.0,0.9230769230769231,transformer,False,False,10B+,32k-131k
tiiuae/Falcon-H1-34B-Instruct,tiiuae,Falcon-H1,34B-Instruct,tier3,unassigned,False,False,2025-05-01,other,804.0,51.0,33642516224.0,72.0,5120.0,21504.0,20.0,4.0,128.0,rmsnorm,silu,rope,262144.0,,261120.0,hf_api.safetensors.total,256.0,4.0,,mamba_chunk_size|mamba_d_conv|mamba_d_head|mamba_d_ssm|mamba_d_state|mamba_expand|mamba_n_groups|mamba_n_heads|ssm_in_multiplier|ssm_multipliers|ssm_out_multiplier,11,True,True,,,PreTrainedTokenizer,1,GGUF,True,True,True,True,0,False,2025-05-01,2025.0,True,33.642516224,256.0,10.526888470518598,5.418539921951662,2.9057958803678687,5.0,0.8,1.0,0.0,4.2,467.2571697777778,1682.1258112,0.0140625,7.792044990172016e-06,7792.044990172018,23.898331344979486,True,False,False,,False,,,True,True,False,False,True,True,True,True,1.0,0.9230769230769231,hybrid,True,False,10B+,>131k
TinyLlama/TinyLlama-1.1B-Chat-v1.0,TinyLlama,TinyLlama,1.1B-Chat-v1.0,unassigned,unassigned,False,True,2023-12-30,apache-2.0,1770914.0,1526.0,1100048384.0,22.0,2048.0,5632.0,32.0,4.0,64.0,rmsnorm,silu,rope,2048.0,,32000.0,hf_api.safetensors.total,,,,,0,False,False,3000000000000.0,model_card_text,LlamaTokenizer,0,,True,True,True,False,0,False,2023-12-01,2023.0,False,1.100048384,2.0,9.041411787378312,3.3113299523037933,6.248197716516519,8.0,0.875,1.0,0.0,2.75,50.002199272727275,34.376512,0.0107421875,1.8617362925011124e-06,1861.7362925011125,1609851.0081534742,False,False,False,,False,3000000000000.0,2727.1527722184264,False,False,False,False,True,True,True,True,1.0,1.0,transformer,False,False,1-3B,<=8k
